Tempo(s),PWM_Aplicado(%),RPM_M1,RPM_M1_Filt
0.0000,0,0.0000,0.0000
0.0100,0,0.0000,-0.0000
0.0200,1,0.0000,-0.0000
0.0300,1,0.0000,0.0000
0.0400,2,0.0000,0.0000
0.0500,3,0.0000,0.0000
0.0600,3,0.0000,-0.0000
0.0700,4,0.0000,-0.0000
0.0800,5,0.0000,-0.0000
0.0900,5,0.0000,0.0001
0.1000,6,0.0000,0.0004
0.1100,6,0.0000,0.0002
0.1200,7,0.0000,-0.0017
0.1300,8,0.0000,-0.0044
0.1400,8,0.0000,0.0003
0.1500,9,0.0000,0.0232
0.1600,10,0.0000,0.0423
0.1700,10,0.0000,-0.0387
0.1800,11,0.0000,-0.2893
0.1900,11,0.0000,-0.3481
0.2000,12,0.0000,0.8206
0.2100,13,0.0000,3.3265
0.2200,13,12.8200,4.8804
0.2300,14,0.0000,4.4291
0.2400,15,0.0000,4.1610
0.2500,15,12.8200,4.4710
0.2600,16,0.0000,4.2063
0.2700,16,0.0000,4.3893
0.2800,17,12.8200,4.5643
0.2900,18,0.0000,2.9539
0.3000,18,0.0000,1.7410
0.3100,19,0.0000,3.2913
0.3200,19,12.8200,4.6703
0.3300,20,0.0000,2.9409
0.3400,21,0.0000,1.0638
0.3500,21,0.0000,3.1778
0.3600,22,12.8200,8.3420
0.3700,23,12.8200,13.1865
0.3800,23,12.8200,16.5435
0.3900,24,25.6400,18.5607
0.4000,24,12.8200,19.9136
0.4100,25,25.6400,21.9755
0.4200,26,25.6400,25.2942
0.4300,26,25.6400,29.8282
0.4400,27,38.4600,34.6232
0.4500,27,38.4600,37.6351
0.4600,28,38.4600,39.3379
0.4700,29,38.4600,42.5700
0.4800,29,51.2800,47.2365
0.4900,30,51.2800,50.3803
0.5000,30,51.2800,51.8287
0.5100,31,51.2800,54.7079
0.5200,32,64.1000,60.5302
0.5300,32,64.1000,67.6938
0.5400,33,76.9200,73.5303
0.5500,33,76.9200,76.3295
0.5600,34,76.9200,77.5265
0.5700,35,76.9200,80.6147
0.5800,35,89.7400,86.4693
0.5900,36,89.7400,92.2292
0.6000,36,102.5600,95.4273
0.6100,37,89.7400,97.7649
0.6200,37,102.5600,102.1696
0.6300,38,115.3800,107.9222
0.6400,39,102.5600,113.3146
0.6500,39,128.2100,118.1287
0.6600,40,115.3800,121.9833
0.6700,40,128.2100,124.9828
0.6800,41,128.2100,128.0678
0.6900,42,128.2100,132.0987
0.7000,42,141.0300,136.7802
0.7100,43,141.0300,141.0928
0.7200,43,141.0300,145.5093
0.7300,44,153.8500,150.1022
0.7400,44,153.8500,152.9872
0.7500,45,153.8500,154.3562
0.7600,45,153.8500,157.2587
0.7700,46,166.6700,163.0998
0.7800,47,166.6700,170.2448
0.7900,47,179.4900,176.0593
0.8000,48,179.4900,178.9393
0.8100,48,179.4900,180.3896
0.8200,49,179.4900,183.5342
0.8300,49,192.3100,188.2000
0.8400,50,192.3100,191.4299
0.8500,50,192.3100,193.1319
0.8600,51,192.3100,196.1523
0.8700,51,205.1300,200.9672
0.8800,52,205.1300,205.4961
0.8900,53,205.1300,208.7026
0.9000,53,217.9500,210.5794
0.9100,54,205.1300,212.1558
0.9200,54,217.9500,215.5402
0.9300,55,217.9500,220.3358
0.9400,55,230.7700,223.7065
0.9500,56,217.9500,225.3627
0.9600,56,230.7700,227.4887
0.9700,57,230.7700,230.7473
0.9800,57,230.7700,234.0928
0.9900,58,243.5900,236.4070
1.0000,58,230.7700,237.9588
1.0100,59,243.5900,240.2478
1.0200,59,243.5900,243.5665
1.0300,60,243.5900,246.8909
1.0400,60,256.4100,249.2688
1.0500,61,243.5900,251.0636
1.0600,61,256.4100,253.4112
1.0700,62,256.4100,255.5690
1.0800,62,256.4100,256.4064
1.0900,63,256.4100,257.2330
1.1000,63,256.4100,259.3901
1.1100,64,269.2300,261.8236
1.1200,64,256.4100,263.7815
1.1300,65,269.2300,266.0214
1.1400,65,269.2300,268.2506
1.1500,66,269.2300,270.2077
1.1600,66,269.2300,272.7270
1.1700,67,282.0500,275.0474
1.1800,67,269.2300,275.7362
1.1900,67,282.0500,275.4780
1.2000,68,269.2300,276.2726
1.2100,68,282.0500,278.8494
1.2200,69,282.0500,281.4187
1.2300,69,282.0500,282.1883
1.2400,70,282.0500,281.9111
1.2500,70,282.0500,282.6830
1.2600,71,282.0500,285.2549
1.2700,71,294.8700,287.8267
1.2800,72,282.0500,288.5986
1.2900,72,294.8700,288.3232
1.3000,72,282.0500,289.0957
1.3100,73,294.8700,291.6614
1.3200,73,294.8700,294.2167
1.3300,74,294.8700,294.9885
1.3400,74,294.8700,294.7971
1.3500,75,294.8700,295.7288
1.3600,75,294.8700,298.1662
1.3700,75,307.6900,299.6665
1.3800,76,294.8700,299.1024
1.3900,76,294.8700,298.9842
1.4000,77,307.6900,300.2560
1.4100,77,294.8700,301.0625
1.4200,77,307.6900,301.1360
1.4300,78,294.8700,302.2451
1.4400,78,307.6900,304.8552
1.4500,79,307.6900,306.2435
1.4600,79,307.6900,304.5265
1.4700,79,294.8700,302.6905
1.4800,80,307.6900,303.7845
1.4900,80,307.6900,306.4190
1.5000,80,307.6900,308.9611
1.5100,81,307.6900,311.5769
1.5200,81,320.5100,312.6656
1.5300,81,307.6900,310.9109
1.5400,82,307.6900,309.3675
1.5500,82,307.6900,310.6662
1.5600,83,320.5100,312.2216
1.5700,83,307.6900,311.7982
1.5800,83,307.6900,311.5727
1.5900,84,320.5100,313.0209
1.6000,84,307.6900,315.1319
1.6100,84,320.5100,316.7080
1.6200,85,320.5100,316.6801
1.6300,85,307.6900,316.0630
1.6400,85,320.5100,316.2841
1.6500,86,320.5100,316.0522
1.6600,86,307.6900,315.6318
1.6700,86,320.5100,317.1903
1.6800,87,320.5100,319.6916
1.6900,87,320.5100,320.8558
1.7000,87,320.5100,320.7939
1.7100,87,320.5100,320.5488
1.7200,88,320.5100,320.4931
1.7300,88,320.5100,320.5338
1.7400,88,320.5100,320.4689
1.7500,89,320.5100,320.1976
1.7600,89,320.5100,320.1220
1.7700,89,320.5100,321.3924
1.7800,89,320.5100,324.1656
1.7900,90,333.3300,325.6953
1.8000,90,320.5100,323.8322
1.8100,90,320.5100,321.0244
1.8200,91,320.5100,320.9586
1.8300,91,320.5100,323.5412
1.8400,91,333.3300,325.2911
1.8500,91,320.5100,324.7849
1.8600,92,320.5100,324.6243
1.8700,92,333.3300,325.8719
1.8800,92,320.5100,326.7584
1.8900,92,333.3300,327.0049
1.9000,92,320.5100,328.0118
1.9100,93,333.3300,329.5577
1.9200,93,333.3300,329.4688
1.9300,93,320.5100,327.6054
1.9400,93,333.3300,326.4160
1.9500,94,320.5100,327.5778
1.9600,94,333.3300,330.4263
1.9700,94,333.3300,331.8566
1.9800,94,333.3300,330.1857
1.9900,94,320.5100,328.6869
2.0000,95,333.3300,330.1219
2.0100,95,333.3300,331.5645
2.0200,95,333.3300,330.0859
2.0300,95,320.5100,328.4184
2.0400,95,333.3300,329.7599
2.0500,96,333.3300,332.4256
2.0600,96,333.3300,333.6953
2.0700,96,333.3300,333.6422
2.0800,96,333.3300,333.3720
2.0900,96,333.3300,333.2802
2.1000,96,333.3300,333.3050
2.1100,97,333.3300,333.3548
2.1200,97,333.3300,333.3817
2.1300,97,333.3300,333.2911
2.1400,97,333.3300,333.0129
2.1500,97,333.3300,332.9398
2.1600,97,333.3300,334.2126
2.1700,97,333.3300,336.9861
2.1800,97,346.1500,338.5153
2.1900,98,333.3300,336.6518
2.2000,98,333.3300,333.8446
2.2100,98,333.3300,333.7807
2.2200,98,333.3300,336.3643
2.2300,98,346.1500,338.1062
2.2400,98,333.3300,337.5800
2.2500,98,333.3300,337.4227
2.2600,98,346.1500,338.7780
2.2700,98,333.3300,339.8515
2.2800,99,346.1500,339.9005
2.2900,99,333.3300,339.5795
2.3000,99,346.1500,339.6285
2.3100,99,333.3300,340.7020
2.3200,99,346.1500,342.0573
2.3300,99,346.1500,341.9000
2.3400,99,333.3300,341.3739
2.3500,99,346.1500,343.1158
2.3600,99,346.1500,345.6991
2.3700,99,346.1500,345.6351
2.3800,99,346.1500,342.8284
2.3900,99,333.3300,340.9668
2.4000,99,346.1500,342.4970
2.4100,99,346.1500,345.2624
2.4200,99,346.1500,346.5149
2.4300,99,346.1500,346.4451
2.4400,99,346.1500,346.2764
2.4500,99,346.1500,346.3759
2.4600,99,346.1500,346.2021
2.4700,99,346.1500,344.9024
2.4800,99,346.1500,343.4057
2.4900,99,333.3300,344.5402
2.5000,100,358.9700,347.7348
2.5100,99,346.1500,348.8521
2.5200,99,346.1500,347.4380
2.5300,99,346.1500,346.4114
2.5400,99,346.1500,346.3184
2.5500,99,346.1500,345.1659
2.5600,99,346.1500,342.2207
2.5700,99,333.3300,340.5123
2.5800,99,346.1500,343.4394
2.5900,99,346.1500,349.2139
2.6000,99,358.9700,352.1539
2.6100,99,346.1500,349.2169
2.6200,99,346.1500,343.4348
2.6300,99,333.3300,340.4875
2.6400,99,346.1500,342.1985
2.6500,99,346.1500,345.2515
2.6600,99,346.1500,346.5934
2.6700,99,346.1500,346.4935
2.6800,99,346.1500,346.1885
2.6900,99,346.1500,346.0749
2.7000,99,346.1500,346.0812
2.7100,99,346.1500,346.1889
2.7200,99,346.1500,346.4425
2.7300,98,346.1500,346.4966
2.7400,98,346.1500,345.3337
2.7500,98,346.1500,342.8495
2.7600,98,333.3300,341.2957
2.7700,98,346.1500,341.6348
2.7800,98,346.1500,341.6925
2.7900,98,333.3300,341.5594
2.8000,98,346.1500,343.2325
2.8100,98,346.1500,344.8034
2.8200,97,346.1500,343.5396
2.8300,97,333.3300,340.7583
2.8400,97,346.1500,338.3492
2.8500,97,333.3300,336.7961
2.8600,97,333.3300,337.1464
2.8700,97,346.1500,339.0124
2.8800,97,333.3300,340.0261
2.8900,97,346.1500,339.0483
2.9000,96,333.3300,337.4144
2.9100,96,333.3300,337.2216
2.9200,96,346.1500,337.7821
2.9300,96,333.3300,337.4947
2.9400,96,333.3300,337.4753
2.9500,96,346.1500,337.8202
2.9600,95,333.3300,337.5058
2.9700,95,333.3300,337.7641
2.9800,95,346.1500,338.2374
2.9900,95,333.3300,336.7016
3.0000,95,333.3300,334.0866
3.0100,94,333.3300,332.6230
3.0200,94,333.3300,332.6897
3.0300,94,333.3300,334.4629
3.0400,94,333.3300,337.3763
3.0500,94,346.1500,337.7196
3.0600,93,333.3300,333.3298
3.0700,93,320.5100,328.9588
3.0800,93,333.3300,329.3262
3.0900,93,333.3300,332.1636
3.1000,92,333.3300,333.6814
3.1100,92,333.3300,333.6638
3.1200,92,333.3300,333.3465
3.1300,92,333.3300,333.3239
3.1400,92,333.3300,333.6192
3.1500,91,333.3300,333.7227
3.1600,91,333.3300,332.4506
3.1700,91,333.3300,329.6482
3.1800,91,320.5100,328.1010
3.1900,90,333.3300,330.0685
3.2000,90,333.3300,333.1528
3.2100,90,333.3300,333.2057
3.2200,89,333.3300,329.1881
3.2300,89,320.5100,324.7967
3.2400,89,320.5100,324.8526
3.2500,89,333.3300,328.2398
3.2600,88,333.3300,329.6555
3.2700,88,320.5100,328.2193
3.2800,88,333.3300,326.8664
3.2900,87,320.5100,326.6498
3.3000,87,333.3300,326.8287
3.3100,87,320.5100,326.9150
3.3200,87,333.3300,326.9000
3.3300,86,320.5100,326.9694
3.3400,86,333.3300,327.2311
3.3500,86,320.5100,327.2858
3.3600,85,333.3300,326.0103
3.3700,85,320.5100,323.3252
3.3800,85,320.5100,321.9864
3.3900,84,320.5100,323.7618
3.4000,84,333.3300,325.4296
3.4100,84,320.5100,323.7926
3.4200,83,320.5100,321.0240
3.4300,83,320.5100,320.9992
3.4400,83,320.5100,323.8119
3.4500,82,333.3300,325.6970
3.4600,82,320.5100,324.1689
3.4700,81,320.5100,321.3691
3.4800,81,320.5100,320.0733
3.4900,81,320.5100,320.2336
3.5000,80,320.5100,320.7860
3.5100,80,320.5100,320.9467
3.5200,80,320.5100,319.6527
3.5300,79,320.5100,316.8542
3.5400,79,307.6900,315.3199
3.5500,79,320.5100,317.1864
3.5600,78,320.5100,319.9957
3.5700,78,320.5100,320.0598
3.5800,77,320.5100,317.4758
3.5900,77,307.6900,315.7337
3.6000,77,320.5100,316.2601
3.6100,76,320.5100,316.4178
3.6200,76,307.6900,315.0622
3.6300,75,320.5100,313.9862
3.6400,75,307.6900,313.9344
3.6500,75,320.5100,314.2624
3.6600,74,307.6900,314.2413
3.6700,74,320.5100,313.1847
3.6800,73,307.6900,311.7187
3.6900,73,307.6900,311.5809
3.7000,72,320.5100,312.1150
3.7100,72,307.6900,311.8954
3.7200,72,307.6900,312.1444
3.7300,71,320.5100,312.5728
3.7400,71,307.6900,311.0162
3.7500,70,307.6900,308.5083
3.7600,70,307.6900,307.3186
3.7700,69,307.6900,307.3589
3.7800,69,307.6900,307.6916
3.7900,68,307.6900,308.0238
3.8000,68,307.6900,308.0577
3.8100,67,307.6900,306.8516
3.8200,67,307.6900,304.3436
3.8300,67,294.8700,302.8709
3.8400,66,307.6900,303.4591
3.8500,66,307.6900,303.5809
3.8600,65,294.8700,302.3059
3.8700,65,307.6900,301.4969
3.8800,64,294.8700,301.4215
3.8900,64,307.6900,300.3118
3.9000,63,294.8700,297.7098
3.9100,63,294.8700,296.3413
3.9200,62,294.8700,298.0550
3.9300,62,307.6900,299.7838
3.9400,61,294.8700,298.5038
3.9500,61,294.8700,296.0661
3.9600,60,294.8700,294.8450
3.9700,60,294.8700,293.7172
3.9800,59,294.8700,291.4842
3.9900,59,282.0500,290.0998
4.0000,58,294.8700,290.6689
4.0100,58,294.8700,290.7609
4.0200,57,282.0500,289.4561
4.0300,57,294.8700,288.6284
4.0400,56,282.0500,288.6407
4.0500,56,294.8700,287.8042
4.0600,55,282.0500,285.2797
4.0700,55,282.0500,282.6635
4.0800,54,282.0500,281.6257
4.0900,54,282.0500,281.7394
4.1000,53,282.0500,282.0497
4.1100,53,282.0500,282.3419
4.1200,52,282.0500,282.4340
4.1300,51,282.0500,281.4749
4.1400,51,282.0500,279.1072
4.1500,50,269.2300,276.6408
4.1600,50,282.0500,274.6435
4.1700,49,269.2300,272.1694
4.1800,49,269.2300,269.7846
4.1900,48,269.2300,268.8257
4.2000,48,269.2300,269.0034
4.2100,47,269.2300,269.4567
4.2200,47,269.2300,269.6342
4.2300,46,269.2300,268.6749
4.2400,45,269.2300,266.2904
4.2500,45,256.4100,263.8184
4.2600,44,269.2300,261.8240
4.2700,44,256.4100,259.3523
4.2800,43,256.4100,256.9596
4.2900,43,256.4100,255.9806
4.3000,42,256.4100,256.1629
4.3100,42,256.4100,256.7269
4.3200,41,256.4100,257.0889
4.3300,40,256.4100,255.9124
4.3400,40,256.4100,252.1759
4.3500,39,243.5900,248.2619
4.3600,39,243.5900,247.6570
4.3700,38,256.4100,248.5516
4.3800,37,243.5900,246.3100
4.3900,37,243.5900,241.2267
4.4000,36,230.7700,237.4475
4.4100,36,243.5900,236.7039
4.4200,35,230.7700,237.2963
4.4300,35,243.5900,236.8560
4.4400,34,230.7700,234.4092
4.4500,33,230.7700,230.8160
4.4600,33,230.7700,227.4212
4.4700,32,217.9500,225.0634
4.4800,32,230.7700,223.2748
4.4900,31,217.9500,220.9364
4.5000,30,217.9500,218.8779
4.5100,30,217.9500,218.2030
4.5200,29,217.9500,217.1617
4.5300,29,217.9500,213.7610
4.5400,28,205.1300,210.0756
4.5500,27,205.1300,209.3140
4.5600,27,217.9500,209.1061
4.5700,26,205.1300,205.4967
4.5800,26,192.3100,200.5660
4.5900,25,205.1300,197.4191
4.6000,24,192.3100,195.2021
4.6100,24,192.3100,193.1823
4.6200,23,192.3100,191.3741
4.6300,23,192.3100,189.1752
4.6400,22,179.4900,187.1342
4.6500,21,192.3100,185.2794
4.6600,21,179.4900,181.8052
4.6700,20,179.4900,177.0990
4.6800,19,166.6700,174.0050
4.6900,19,179.4900,172.5122
4.7000,18,166.6700,169.3868
4.7100,18,166.6700,163.4274
4.7200,17,153.8500,157.2816
4.7300,16,153.8500,154.0533
4.7400,16,153.8500,153.7639
4.7500,15,153.8500,153.3961
4.7600,15,153.8500,150.3697
4.7700,14,141.0300,145.5282
4.7800,13,141.0300,141.0455
4.7900,13,141.0300,136.7550
4.8000,12,128.2100,132.1007
4.8100,11,128.2100,128.0980
4.8200,11,128.2100,125.0294
4.8300,10,115.3800,121.9372
4.8400,10,128.2100,117.8111
4.8500,9,102.5600,112.9497
4.8600,8,115.3800,108.8534
4.8700,8,102.5600,105.7899
4.8800,7,102.5600,102.6349
4.8900,6,102.5600,98.3371
4.9000,6,89.7400,93.5761
4.9100,5,89.7400,90.5943
4.9200,5,89.7400,89.1258
4.9300,4,89.7400,86.0814
4.9400,3,76.9200,80.4673
4.9500,3,76.9200,74.5571
4.9600,2,64.1000,69.9475
4.9700,1,76.9200,65.8251
4.9800,1,51.2800,62.4884
4.9900,0,64.1000,61.2323
5.0000,0,64.1000,59.7560
5.0100,0,51.2800,54.9667
5.0200,-1,51.2800,47.9312
5.0300,-1,38.4600,41.9527
5.0400,-2,38.4600,38.9934
5.0500,-3,38.4600,37.5422
5.0600,-3,38.4600,34.3931
5.0700,-4,25.6400,29.7063
5.0800,-5,25.6400,26.5345
5.0900,-5,25.6400,25.0797
5.1000,-6,25.6400,22.2257
5.1100,-6,12.8200,16.4553
5.1200,-7,12.8200,9.2715
5.1300,-8,0.0000,3.1413
5.1400,-8,0.0000,-0.1076
5.1500,-9,0.0000,-0.6548
5.1600,-10,0.0000,-0.2210
5.1700,-10,0.0000,0.0461
5.1800,-11,0.0000,0.0598
5.1900,-11,0.0000,0.0147
5.2000,-12,0.0000,-0.0008
5.2100,-13,0.0000,-0.0011
5.2200,-13,0.0000,-0.0245
5.2300,-14,0.0000,-0.0649
5.2400,-15,0.0000,-0.0014
5.2500,-15,0.0000,0.3323
5.2600,-16,0.0000,0.6363
5.2700,-16,0.0000,-0.4962
5.2800,-17,0.0000,-4.1860
5.2900,-18,-12.8200,-8.1595
5.3000,-18,-12.8200,-9.0218
5.3100,-19,0.0000,-8.2892
5.3200,-19,-12.8200,-9.5333
5.3300,-20,-12.8200,-11.9148
5.3400,-21,-12.8200,-12.8966
5.3500,-21,-12.8200,-12.7441
5.3600,-22,-12.8200,-13.4331
5.3700,-23,-12.8200,-15.7370
5.3800,-23,-25.6400,-18.2699
5.3900,-24,-12.8200,-20.2510
5.4000,-24,-25.6400,-22.4154
5.4100,-25,-25.6400,-24.4122
5.4200,-26,-25.6400,-26.2514
5.4300,-26,-25.6400,-29.7047
5.4400,-27,-38.4600,-34.3921
5.4500,-27,-38.4600,-37.5783
5.4600,-28,-38.4600,-39.3604
5.4700,-29,-38.4600,-42.5635
5.4800,-29,-51.2800,-47.1899
5.4900,-30,-51.2800,-50.4214
5.5000,-30,-51.2800,-52.1642
5.5100,-31,-51.2800,-55.1195
5.5200,-32,-64.1000,-59.5855
5.5300,-32,-64.1000,-63.8081
5.5400,-33,-64.1000,-68.2297
5.5500,-33,-76.9200,-73.9636
5.5600,-34,-76.9200,-79.4047
5.5700,-35,-89.7400,-82.5917
5.5800,-35,-76.9200,-85.2107
5.5900,-36,-89.7400,-89.7184
5.6000,-36,-102.5600,-94.3088
5.6100,-37,-89.7400,-97.1071
5.6200,-37,-102.5600,-100.1951
5.6300,-38,-102.5600,-104.6061
5.6400,-39,-115.3800,-108.9316
5.6500,-39,-102.5600,-113.1594
5.6600,-40,-128.2100,-117.5834
5.6700,-40,-115.3800,-121.5259
5.6800,-41,-128.2100,-125.8623
5.6900,-42,-128.2100,-131.7221
5.7000,-42,-141.0300,-137.3745
5.7100,-43,-141.0300,-140.3775
5.7200,-43,-141.0300,-141.6849
5.7300,-44,-141.0300,-144.6881
5.7400,-44,-153.8500,-150.3321
5.7500,-45,-153.8500,-156.1722
5.7600,-45,-166.6700,-160.5126
5.7700,-46,-153.8500,-164.5563
5.7800,-47,-179.4900,-169.1428
5.7900,-47,-166.6700,-173.1542
5.8000,-48,-179.4900,-176.2343
5.8100,-48,-179.4900,-179.3919
5.8200,-49,-179.4900,-183.6776
5.8300,-49,-192.3100,-188.5175
5.8400,-50,-192.3100,-191.7393
5.8500,-50,-192.3100,-193.2464
5.8600,-51,-192.3100,-195.1276
5.8700,-51,-205.1300,-198.3485
5.8800,-52,-192.3100,-202.8896
5.8900,-53,-217.9500,-207.7251
5.9000,-53,-205.1300,-210.7463
5.9100,-54,-217.9500,-212.3401
5.9200,-54,-205.1300,-215.3557
5.9300,-55,-230.7700,-220.1675
5.9400,-55,-217.9500,-224.6829
5.9500,-56,-230.7700,-227.9755
5.9600,-56,-230.7700,-230.1248
5.9700,-57,-230.7700,-231.7723
5.9800,-57,-230.7700,-233.8905
5.9900,-58,-243.5900,-235.9300
6.0000,-58,-230.7700,-237.7735
6.0100,-59,-243.5900,-241.2100
6.0200,-59,-243.5900,-245.9759
6.0300,-60,-256.4100,-249.4070
6.0400,-60,-243.5900,-251.2285
6.0500,-61,-256.4100,-253.2455
6.0600,-61,-256.4100,-255.4326
6.0700,-62,-256.4100,-257.3268
6.0800,-62,-256.4100,-259.5897
6.0900,-63,-269.2300,-261.8373
6.1000,-63,-256.4100,-263.8004
6.1100,-64,-269.2300,-266.3386
6.1200,-64,-269.2300,-268.6843
6.1300,-65,-269.2300,-269.3121
6.1400,-65,-269.2300,-268.8007
6.1500,-66,-269.2300,-269.4285
6.1600,-66,-269.2300,-272.9846
6.1700,-67,-282.0500,-278.2545
6.1800,-67,-282.0500,-281.9133
6.1900,-67,-282.0500,-282.7100
6.2000,-68,-282.0500,-282.0659
6.2100,-68,-282.0500,-281.6130
6.2200,-69,-282.0500,-282.5947
6.2300,-69,-282.0500,-285.2768
6.2400,-70,-294.8700,-287.8555
6.2500,-70,-282.0500,-288.6313
6.2600,-71,-294.8700,-288.3618
6.2700,-71,-282.0500,-289.0295
6.2800,-72,-294.8700,-291.3254
6.2900,-72,-294.8700,-293.9099
6.3000,-72,-294.8700,-296.1242
6.3100,-73,-294.8700,-298.5086
6.3200,-73,-307.6900,-299.7275
6.3300,-74,-294.8700,-298.9652
6.3400,-74,-294.8700,-298.6856
6.3500,-75,-307.6900,-300.2009
6.3600,-75,-294.8700,-302.3588
6.3700,-75,-307.6900,-303.8555
6.3800,-76,-307.6900,-303.5723
6.3900,-76,-294.8700,-302.8946
6.4000,-77,-307.6900,-304.2845
6.4100,-77,-307.6900,-306.5570
6.4200,-77,-307.6900,-307.6879
6.4300,-78,-307.6900,-308.7997
6.4400,-78,-307.6900,-311.0553
6.4500,-79,-320.5100,-312.5485
6.4600,-79,-307.6900,-312.1430
6.4700,-79,-307.6900,-311.8350
6.4800,-80,-320.5100,-311.8932
6.4900,-80,-307.6900,-311.4640
6.5000,-80,-307.6900,-312.6504
6.5100,-81,-320.5100,-315.5488
6.5200,-81,-320.5100,-316.7378
6.5300,-81,-307.6900,-316.3118
6.5400,-82,-320.5100,-316.3649
6.5500,-82,-320.5100,-316.0315
6.5600,-83,-307.6900,-315.6042
6.5700,-83,-320.5100,-317.1856
6.5800,-83,-320.5100,-319.7193
6.5900,-84,-320.5100,-320.9049
6.6000,-84,-320.5100,-320.7554
6.6100,-84,-320.5100,-320.2346
6.6200,-85,-320.5100,-320.0979
6.6300,-85,-320.5100,-321.3914
6.6400,-85,-320.5100,-324.1049
6.6500,-86,-333.3300,-325.4732
6.6600,-86,-320.5100,-323.7170
6.6700,-86,-320.5100,-321.9610
6.6800,-87,-320.5100,-323.3228
6.6900,-87,-333.3300,-326.0126
6.7000,-87,-320.5100,-327.2933
6.7100,-87,-333.3300,-327.2542
6.7200,-88,-320.5100,-326.9840
6.7300,-88,-333.3300,-326.8093
6.7400,-88,-320.5100,-326.6668
6.7500,-89,-333.3300,-326.8232
6.7600,-89,-320.5100,-327.9071
6.7700,-89,-333.3300,-329.2677
6.7800,-89,-333.3300,-329.1238
6.7900,-90,-320.5100,-328.5126
6.8000,-90,-333.3300,-329.9831
6.8100,-90,-333.3300,-332.4895
6.8200,-91,-333.3300,-333.6747
6.8300,-91,-333.3300,-333.6219
6.8400,-91,-333.3300,-333.3705
6.8500,-91,-333.3300,-333.2882
6.8600,-92,-333.3300,-333.3067
6.8700,-92,-333.3300,-333.3277
6.8800,-92,-333.3300,-333.3297
6.8900,-92,-333.3300,-333.3322
6.9000,-92,-333.3300,-333.3550
6.9100,-93,-333.3300,-333.3749
6.9200,-93,-333.3300,-333.2864
6.9300,-93,-333.3300,-333.0163
6.9400,-93,-333.3300,-332.9602
6.9500,-94,-333.3300,-334.2342
6.9600,-94,-333.3300,-336.9253
6.9700,-94,-346.1500,-338.2908
6.9800,-94,-333.3300,-336.5380
6.9900,-94,-333.3300,-334.7764
7.0000,-95,-333.3300,-336.1199
7.0100,-95,-346.1500,-338.8137
7.0200,-95,-333.3300,-340.1960
7.0300,-95,-346.1500,-340.3274
7.0400,-95,-333.3300,-339.8594
7.0500,-96,-346.1500,-338.4406
7.0600,-96,-333.3300,-336.9606
7.0700,-96,-333.3300,-338.1528
7.0800,-96,-346.1500,-341.4016
7.0900,-96,-346.1500,-342.4526
7.1000,-96,-333.3300,-340.6771
7.1100,-97,-346.1500,-339.2969
7.1200,-97,-333.3300,-340.3710
7.1300,-97,-346.1500,-343.2245
7.1400,-97,-346.1500,-344.6738
7.1500,-97,-346.1500,-343.0089
7.1600,-97,-333.3300,-341.5087
7.1700,-97,-346.1500,-342.9419
7.1800,-97,-346.1500,-344.3841
7.1900,-98,-346.1500,-342.9059
7.2000,-98,-333.3300,-341.2390
7.2100,-98,-346.1500,-342.5806
7.2200,-98,-346.1500,-345.2439
7.2300,-98,-346.1500,-346.5082
7.2400,-98,-346.1500,-346.4575
7.2500,-98,-346.1500,-346.2192
7.2600,-98,-346.1500,-346.1755
7.2700,-98,-346.1500,-346.1284
7.2800,-99,-346.1500,-345.7966
7.2900,-99,-346.1500,-345.4709
7.3000,-99,-346.1500,-346.6632
7.3100,-99,-346.1500,-350.6072
7.3200,-99,-358.9700,-354.7437
7.3300,-99,-358.9700,-354.6056
7.3400,-99,-346.1500,-351.1514
7.3500,-99,-346.1500,-349.5756
7.3600,-99,-358.9700,-351.1219
7.3700,-99,-346.1500,-353.6154
7.3800,-99,-358.9700,-355.4506
7.3900,-99,-358.9700,-355.2832
7.4000,-99,-346.1500,-353.5628
7.4100,-99,-358.9700,-352.3324
7.4200,-99,-346.1500,-352.0779
7.4300,-99,-358.9700,-352.3774
7.4400,-99,-346.1500,-353.5244
7.4500,-99,-358.9700,-354.9713
7.4600,-99,-358.9700,-355.0790
7.4700,-99,-346.1500,-354.5169
7.4800,-99,-358.9700,-354.7203
7.4900,-99,-358.9700,-354.5542
7.5000,-100,-346.1500,-354.3767
7.5100,-99,-358.9700,-355.9934
7.5200,-99,-358.9700,-357.3355
7.5300,-99,-358.9700,-356.0162
7.5400,-99,-346.1500,-354.4003
7.5500,-99,-358.9700,-354.4937
7.5600,-99,-358.9700,-354.4933
7.5700,-99,-346.1500,-354.3984
7.5800,-99,-358.9700,-356.0131
7.5900,-99,-358.9700,-357.3388
7.6000,-99,-358.9700,-356.0155
7.6100,-99,-346.1500,-354.4016
7.6200,-99,-358.9700,-354.4884
7.6300,-99,-358.9700,-354.4688
7.6400,-99,-346.1500,-354.3785
7.6500,-99,-358.9700,-356.1020
7.6600,-99,-358.9700,-357.6087
7.6700,-99,-358.9700,-356.0707
7.6800,-99,-346.1500,-353.1271
7.6900,-99,-358.9700,-351.8015
7.7000,-99,-346.1500,-353.1133
7.7100,-99,-358.9700,-356.1288
7.7200,-99,-358.9700,-357.8086
7.7300,-98,-358.9700,-356.1732
7.7400,-98,-346.1500,-353.4849
7.7500,-98,-358.9700,-352.4181
7.7600,-98,-346.1500,-352.3892
7.7700,-98,-358.9700,-351.4998
7.7800,-98,-346.1500,-349.9472
7.7900,-98,-346.1500,-349.9878
7.8000,-98,-358.9700,-351.8293
7.8100,-98,-346.1500,-353.1273
7.8200,-97,-358.9700,-352.2390
7.8300,-97,-346.1500,-349.3553
7.8400,-97,-346.1500,-346.4710
7.8500,-97,-346.1500,-345.5810
7.8600,-97,-346.1500,-346.8776
7.8700,-97,-346.1500,-348.7254
7.8800,-97,-358.9700,-348.7846
7.8900,-97,-333.3300,-347.2352
7.9000,-96,-358.9700,-346.2568
7.9100,-96,-333.3300,-346.0435
7.9200,-96,-358.9700,-345.0832
7.9300,-96,-333.3300,-343.5374
7.9400,-96,-346.1500,-343.5143
7.9500,-96,-346.1500,-345.1958
7.9600,-95,-346.1500,-346.6007
7.9700,-95,-346.1500,-346.7635
7.9800,-95,-346.1500,-345.3125
7.9900,-95,-346.1500,-342.5502
8.0000,-95,-333.3300,-341.1916
8.0100,-94,-346.1500,-342.8810
8.0200,-94,-346.1500,-344.4751
8.0300,-94,-346.1500,-343.2201
8.0400,-94,-333.3300,-341.5814
8.0500,-94,-346.1500,-341.7341
8.0600,-93,-346.1500,-341.8972
8.0700,-93,-333.3300,-341.7000
8.0800,-93,-346.1500,-342.2593
8.0900,-93,-346.1500,-342.1267
8.1000,-92,-333.3300,-340.6572
8.1100,-92,-346.1500,-339.5961
8.1200,-92,-333.3300,-339.5721
8.1300,-92,-346.1500,-339.9079
8.1400,-92,-333.3300,-339.8839
8.1500,-91,-346.1500,-338.8228
8.1600,-91,-333.3300,-337.3533
8.1700,-91,-333.3300,-337.2208
8.1800,-91,-346.1500,-337.7800
8.1900,-90,-333.3300,-337.5826
8.2000,-90,-333.3300,-337.7456
8.2100,-90,-346.1500,-337.8986
8.2200,-89,-333.3300,-336.2616
8.2300,-89,-333.3300,-335.0079
8.2400,-89,-333.3300,-336.5959
8.2500,-89,-346.1500,-338.2668
8.2600,-88,-333.3300,-336.9052
8.2700,-88,-333.3300,-334.2313
8.2800,-88,-333.3300,-332.9626
8.2900,-87,-333.3300,-333.0176
8.3000,-87,-333.3300,-333.2884
8.3100,-87,-333.3300,-333.3798
8.3200,-87,-333.3300,-333.3547
8.3300,-86,-333.3300,-333.3053
8.3400,-86,-333.3300,-333.2802
8.3500,-86,-333.3300,-333.3716
8.3600,-85,-333.3300,-333.6424
8.3700,-85,-333.3300,-333.6974
8.3800,-85,-333.3300,-332.4285
8.3900,-84,-333.3300,-329.7545
8.4000,-84,-320.5100,-328.3932
8.4100,-84,-333.3300,-330.0659
8.4200,-83,-333.3300,-331.6552
8.4300,-83,-333.3300,-330.3951
8.4400,-83,-320.5100,-328.7393
8.4500,-82,-333.3300,-328.8895
8.4600,-82,-333.3300,-329.1432
8.4700,-81,-320.5100,-329.1315
8.4800,-81,-333.3300,-329.5777
8.4900,-81,-333.3300,-328.2835
8.5000,-80,-320.5100,-325.1992
8.5100,-80,-320.5100,-324.2293
8.5200,-80,-333.3300,-326.0049
8.5300,-79,-320.5100,-327.3710
8.5400,-79,-333.3300,-326.2839
8.5500,-79,-320.5100,-323.4039
8.5600,-78,-320.5100,-321.9413
8.5700,-78,-320.5100,-323.7203
8.5800,-77,-333.3300,-325.5105
8.5900,-77,-320.5100,-324.0438
8.6000,-77,-320.5100,-321.0571
8.6100,-76,-320.5100,-319.7907
8.6200,-76,-320.5100,-321.3720
8.6300,-75,-320.5100,-324.4716
8.6400,-75,-333.3300,-324.9014
8.6500,-75,-320.5100,-320.4898
8.6600,-74,-307.6900,-316.1623
8.6700,-74,-320.5100,-316.7684
8.6800,-73,-320.5100,-319.7470
8.6900,-73,-320.5100,-320.2719
8.7000,-72,-320.5100,-317.6611
8.7100,-72,-307.6900,-314.7359
8.7200,-72,-320.5100,-313.6240
8.7300,-71,-307.6900,-313.8686
8.7400,-71,-320.5100,-314.3075
8.7500,-70,-307.6900,-314.2468
8.7600,-70,-320.5100,-313.1400
8.7700,-69,-307.6900,-311.7523
8.7800,-69,-307.6900,-311.8923
8.7900,-68,-320.5100,-312.5100
8.8000,-68,-307.6900,-311.0388
8.8100,-67,-307.6900,-308.5105
8.8200,-67,-307.6900,-307.2982
8.8300,-67,-307.6900,-307.4135
8.8400,-66,-307.6900,-307.9198
8.8500,-66,-307.6900,-308.1627
8.8600,-65,-307.6900,-307.1459
8.8700,-65,-307.6900,-304.4210
8.8800,-64,-294.8700,-301.6207
8.8900,-64,-307.6900,-300.7322
8.9000,-63,-294.8700,-302.0155
8.9100,-63,-307.6900,-303.8542
8.9200,-62,-307.6900,-303.8930
8.9300,-62,-294.8700,-302.3199
8.9400,-61,-307.6900,-301.4035
8.9500,-61,-294.8700,-301.4355
8.9600,-60,-307.6900,-300.6238
8.9700,-60,-294.8700,-298.1048
8.9800,-59,-294.8700,-295.4856
8.9900,-59,-294.8700,-294.4438
9.0000,-58,-294.8700,-294.5546
9.0100,-58,-294.8700,-294.8699
9.0200,-57,-294.8700,-295.1849
9.0300,-57,-294.8700,-295.2956
9.0400,-56,-294.8700,-294.2560
9.0500,-56,-294.8700,-291.6417
9.0600,-55,-282.0500,-289.1205
9.0700,-55,-294.8700,-288.2793
9.0800,-54,-282.0500,-288.2666
9.0900,-54,-294.8700,-287.4168
9.1000,-53,-282.0500,-286.1977
9.1100,-53,-282.0500,-286.5649
9.1200,-52,-294.8700,-287.2149
9.1300,-51,-282.0500,-284.5780
9.1400,-51,-282.0500,-279.5686
9.1500,-50,-269.2300,-276.8039
9.1600,-50,-282.0500,-277.2583
9.1700,-49,-282.0500,-277.8238
9.1800,-49,-269.2300,-277.9370
9.1900,-48,-282.0500,-278.5900
9.2000,-48,-282.0500,-277.4123
9.2100,-47,-269.2300,-273.3203
9.2200,-47,-269.2300,-269.7188
9.2300,-46,-269.2300,-268.8646
9.2400,-45,-269.2300,-269.3145
9.2500,-45,-269.2300,-268.6257
9.2600,-44,-269.2300,-266.0463
9.2700,-44,-256.4100,-263.4334
9.2800,-43,-269.2300,-262.6284
9.2900,-43,-256.4100,-262.9757
9.3000,-42,-269.2300,-262.4792
9.3100,-42,-256.4100,-260.0706
9.3200,-41,-256.4100,-256.4099
9.3300,-40,-256.4100,-252.7511
9.3400,-40,-243.5900,-250.3453
9.3500,-39,-256.4100,-249.8418
9.3600,-39,-243.5900,-250.1632
9.3700,-38,-256.4100,-249.3457
9.3800,-37,-243.5900,-246.8419
9.3900,-37,-243.5900,-244.5317
9.4000,-36,-243.5900,-243.7943
9.4100,-36,-243.5900,-242.7769
9.4200,-35,-243.5900,-239.4028
9.4300,-35,-230.7700,-235.7450
9.4400,-34,-230.7700,-235.0022
9.4500,-33,-243.5900,-234.7070
9.4600,-33,-230.7700,-230.8241
9.4700,-32,-217.9500,-225.8140
9.4800,-32,-230.7700,-223.9140
9.4900,-31,-217.9500,-224.4568
9.5000,-30,-230.7700,-224.0718
9.5100,-30,-217.9500,-220.6683
9.5200,-29,-217.9500,-215.6291
9.5300,-29,-205.1300,-212.0921
9.5400,-28,-217.9500,-210.2872
9.5500,-27,-205.1300,-208.2934
9.5600,-27,-205.1300,-206.0935
9.5700,-26,-205.1300,-204.1748
9.5800,-26,-205.1300,-201.9684
9.5900,-25,-192.3100,-199.9439
9.6000,-24,-205.1300,-198.1024
9.6100,-24,-192.3100,-194.6522
9.6200,-23,-192.3100,-189.9661
9.6300,-23,-179.4900,-186.7860
9.6400,-22,-192.3100,-185.0198
9.6500,-21,-179.4900,-181.8149
9.6600,-21,-179.4900,-177.1021
9.6700,-20,-166.6700,-173.7158
9.6800,-19,-179.4900,-172.1225
9.6900,-19,-166.6700,-170.2398
9.7000,-18,-166.6700,-167.0346
9.7100,-18,-166.6700,-162.5077
9.7200,-17,-153.8500,-157.6927
9.7300,-16,-153.8500,-154.6698
9.7400,-16,-153.8500,-152.9652
9.7500,-15,-153.8500,-149.7421
9.7600,-15,-141.0300,-145.1021
9.7700,-14,-141.0300,-141.9715
9.7800,-13,-141.0300,-140.4156
9.7900,-13,-141.0300,-137.2654
9.8000,-12,-128.2100,-131.4798
9.8100,-11,-128.2100,-125.7697
9.8200,-11,-115.3800,-122.4860
9.8300,-10,-128.2100,-119.8685
9.8400,-10,-115.3800,-115.3819
9.8500,-9,-102.5600,-110.8771
9.8600,-8,-115.3800,-108.2390
9.8700,-8,-102.5600,-105.0380
9.8800,-7,-102.5600,-99.5812
9.8900,-6,-89.7400,-93.8491
9.9000,-6,-89.7400,-89.5139
9.9100,-5,-89.7400,-85.4535
9.9200,-5,-76.9200,-80.8554
9.9300,-4,-76.9200,-76.8215
9.9400,-3,-76.9200,-73.7171
9.9500,-3,-64.1000,-70.6303
9.9600,-2,-76.9200,-66.6113
9.9700,-1,-51.2800,-61.9160
9.9800,-1,-64.1000,-57.6044
9.9900,0,-51.2800,-53.3016
10.0000,0,-51.2800,-48.9156
10.0100,0,-38.4600,-45.8322
10.0200,1,-51.2800,-43.0288
10.0300,1,-38.4600,-38.4337
10.0400,2,-25.6400,-33.9310
10.0500,3,-38.4600,-31.3354
10.0600,3,-25.6400,-28.1656
10.0700,4,-25.6400,-22.6392
10.0800,5,-12.8200,-16.6571
10.0900,5,-12.8200,-12.2027
10.1000,6,-12.8200,-9.1856
10.1100,6,0.0000,-7.1622
10.1200,7,-12.8200,-5.4535
10.1300,8,0.0000,-3.0031
10.1400,8,0.0000,-0.5889
10.1500,9,0.0000,0.3704
10.1600,10,0.0000,0.2522
10.1700,10,0.0000,0.0207
10.1800,11,0.0000,-0.0418
10.1900,11,0.0000,-0.0195
10.2000,12,0.0000,0.0011
10.2100,13,0.0000,0.0046
10.2200,13,0.0000,0.0016
10.2300,14,0.0000,-0.0020
10.2400,15,0.0000,-0.0049
10.2500,15,0.0000,0.0003
10.2600,16,0.0000,0.0236
10.2700,16,0.0000,0.0426
10.2800,17,0.0000,-0.0400
10.2900,18,0.0000,-0.2929
10.3000,18,0.0000,-0.3485
10.3100,19,0.0000,0.8381
10.3200,19,0.0000,3.3613
10.3300,20,12.8200,4.8568
10.3400,21,0.0000,4.2068
10.3500,21,0.0000,3.8621
10.3600,22,12.8200,5.0419
10.3700,23,0.0000,6.8106
10.3800,23,12.8200,9.1820
10.3900,24,12.8200,12.5166
10.4000,24,12.8200,17.0050
10.4100,25,25.6400,21.8845
10.4200,26,25.6400,25.0874
10.4300,26,25.6400,26.5946
10.4400,27,25.6400,28.4764
10.4500,27,38.4600,31.6154
10.4600,28,25.6400,35.9877
10.4700,29,51.2800,40.9349
10.4800,29,38.4600,45.0352
10.4900,30,51.2800,48.0950
10.5000,30,51.2800,51.1589
10.5100,31,51.2800,55.1944
10.5200,32,64.1000,59.8973
10.5300,32,64.1000,64.1204
10.5400,33,64.1000,68.2376
10.5500,33,76.9200,72.7363
10.5600,34,76.9200,76.9811
10.5700,35,76.9200,81.3976
10.5800,35,89.7400,85.8992
10.5900,36,89.7400,88.6075
10.6000,36,89.7400,90.1937
10.6100,37,89.7400,94.4403
10.6200,37,102.5600,101.7036
10.6300,38,115.3800,107.4544
10.6400,39,102.5600,109.9926
10.6500,39,115.3800,112.9157
10.6600,40,115.3800,118.3783
10.6700,40,128.2100,124.3214
10.6800,41,128.2100,128.5795
10.6900,42,128.2100,131.5039
10.7000,42,141.0300,134.4803
10.7100,43,128.2100,138.4936
10.7200,43,153.8500,143.2081
10.7300,44,141.0300,147.5282
10.7400,44,153.8500,151.8324
10.7500,45,153.8500,156.2195
10.7600,45,166.6700,159.2974
10.7700,46,153.8500,162.0761
10.7800,47,166.6700,166.6495
10.7900,47,179.4900,171.2381
10.8000,48,166.6700,174.1075
10.8100,48,179.4900,177.3552
10.8200,49,179.4900,181.6306
10.8300,49,192.3100,184.8535
10.8400,50,179.4900,187.6961
10.8500,50,192.3100,192.3485
10.8600,51,205.1300,197.1708
10.8700,51,192.3100,200.0926
10.8800,52,205.1300,202.1709
10.8900,53,205.1300,203.9409
10.9000,53,205.1300,205.6179
10.9100,54,205.1300,208.9317
10.9200,54,217.9500,213.8510
10.9300,55,217.9500,218.2587
10.9400,55,217.9500,221.2531
10.9500,56,230.7700,223.3198
10.9600,56,217.9500,226.2197
10.9700,57,230.7700,231.0945
10.9800,57,243.5900,234.7461
10.9900,58,230.7700,234.9773
11.0000,58,230.7700,235.6591
11.0100,59,243.5900,239.1758
11.0200,59,243.5900,242.6849
11.0300,60,243.5900,244.7794
11.0400,60,243.5900,246.8805
11.0500,61,256.4100,249.0443
11.0600,61,243.5900,250.9197
11.0700,62,256.4100,253.1968
11.0800,62,256.4100,255.4525
11.0900,63,256.4100,257.3297
11.1000,63,256.4100,259.6757
11.1100,64,269.2300,262.1077
11.1200,64,256.4100,263.8811
11.1300,65,269.2300,265.0893
11.1400,65,269.2300,265.9049
11.1500,66,256.4100,267.6536
11.1600,66,282.0500,270.4533
11.1700,67,269.2300,272.4983
11.1800,67,269.2300,274.6210
11.1900,67,282.0500,277.2975
11.2000,68,282.0500,278.0039
11.2100,68,269.2300,277.4590
11.2200,69,282.0500,278.7019
11.2300,69,282.0500,280.9001
11.2400,70,282.0500,282.0546
11.2500,70,282.0500,283.2017
11.2600,71,282.0500,285.3745
11.2700,71,294.8700,286.5963
11.2800,72,282.0500,286.1316
11.2900,72,282.0500,287.0961
11.3000,72,294.8700,289.8510
11.3100,73,294.8700,290.8046
11.3200,73,282.0500,290.2427
11.3300,74,294.8700,291.2996
11.3400,74,294.8700,293.6591
11.3500,75,294.8700,296.0084
11.3600,75,294.8700,298.4808
11.3700,75,307.6900,299.8193
11.3800,76,294.8700,299.3291
11.3900,76,294.8700,299.0089
11.4000,77,307.6900,298.9824
11.4100,77,294.8700,298.3986
11.4200,77,294.8700,299.8017
11.4300,78,307.6900,303.9375
11.4400,78,307.6900,306.3546
11.4500,79,307.6900,304.7130
11.4600,79,294.8700,302.8172
11.4700,79,307.6900,304.1197
11.4800,80,307.6900,306.7249
11.4900,80,307.6900,307.7397
11.5000,80,307.6900,307.6152
11.5100,81,307.6900,308.6151
11.5200,81,307.6900,311.3038
11.5300,81,320.5100,312.8698
11.5400,82,307.6900,311.0334
11.5500,82,307.6900,308.1483
11.5600,83,307.6900,307.9140
11.5700,83,307.6900,310.6046
11.5800,83,320.5100,313.4078
11.5900,84,307.6900,314.3274
11.6000,84,320.5100,314.2707
11.6100,84,307.6900,315.0543
11.6200,85,320.5100,316.4346
11.6300,85,320.5100,316.5942
11.6400,85,307.6900,316.0848
11.6500,86,320.5100,316.3091
11.6600,86,320.5100,316.0577
11.6700,86,307.6900,315.6289
11.6800,87,320.5100,317.1859
11.6900,87,320.5100,319.6862
11.7000,87,320.5100,320.8581
11.7100,87,320.5100,320.8243
11.7200,88,320.5100,320.5956
11.7300,88,320.5100,320.4269
11.7400,88,320.5100,320.1699
11.7500,89,320.5100,320.1200
11.7600,89,320.5100,321.3971
11.7700,89,320.5100,324.1677
11.7800,89,333.3300,325.6950
11.7900,90,320.5100,323.8314
11.8000,90,320.5100,321.0243
11.8100,90,320.5100,320.9604
11.8200,91,320.5100,323.5445
11.8300,91,333.3300,325.2881
11.8400,91,320.5100,324.7626
11.8500,91,320.5100,324.5974
11.8600,92,333.3300,325.9351
11.8700,92,320.5100,327.0149
11.8800,92,333.3300,327.1661
11.8900,92,320.5100,327.0059
11.9000,92,333.3300,326.8364
11.9100,93,320.5100,326.6766
11.9200,93,333.3300,326.8200
11.9300,93,320.5100,327.8801
11.9400,93,333.3300,329.2208
11.9500,94,333.3300,329.1631
11.9600,94,320.5100,328.8248
11.9700,94,333.3300,330.3730
11.9800,94,333.3300,331.6321
11.9900,94,333.3300,330.0659
12.0000,95,320.5100,328.3962
12.0100,95,333.3300,329.7317
12.0200,95,333.3300,332.3819
12.0300,95,333.3300,333.7361
12.0400,95,333.3300,333.9547
12.0500,96,333.3300,333.7618
12.0600,96,333.3300,332.4209
12.0700,96,333.3300,329.6912
12.0800,96,320.5100,328.1292
12.0900,96,333.3300,329.7680
12.1000,96,333.3300,332.4319
12.1100,97,333.3300,333.4031
12.1200,97,333.3300,333.2521
12.1300,97,333.3300,334.2512
12.1400,97,333.3300,336.9390
12.1500,97,346.1500,338.4922
12.1600,97,333.3300,336.6566
12.1700,97,333.3300,333.8492
12.1800,97,333.3300,333.7573
12.1900,98,333.3300,336.3173
12.2000,98,346.1500,338.1464
12.2100,98,333.3300,337.8951
12.2200,98,333.3300,337.8097
12.2300,98,346.1500,337.8989
12.2400,98,333.3300,336.2159
12.2500,98,333.3300,334.7357
12.2600,98,333.3300,336.1923
12.2700,98,346.1500,338.8861
12.2800,99,333.3300,340.1553
12.2900,99,346.1500,340.0053
12.3000,99,333.3300,339.4678
12.3100,99,346.1500,339.3248
12.3200,99,333.3300,340.6195
12.3300,99,346.1500,343.3366
12.3400,99,346.1500,344.7082
12.3500,99,346.1500,342.9468
12.3600,99,333.3300,341.1662
12.3700,99,346.1500,342.5077
12.3800,99,346.1500,345.2844
12.3900,99,346.1500,346.8322
12.4000,99,346.1500,346.8539
12.4100,99,346.1500,345.3344
12.4200,99,346.1500,342.4909
12.4300,99,333.3300,340.8990
12.4400,99,346.1500,342.5358
12.4500,99,346.1500,345.2956
12.4600,99,346.1500,346.5420
12.4700,99,346.1500,346.4622
12.4800,99,346.1500,346.1886
12.4900,99,346.1500,346.1031
12.5000,100,346.1500,346.1251
12.5100,99,346.1500,346.1500
12.5200,99,346.1500,346.1549
12.5300,99,346.1500,346.1518
12.5400,99,346.1500,346.1497
12.5500,99,346.1500,346.1495
12.5600,99,346.1500,346.1499
12.5700,99,346.1500,346.1500
12.5800,99,346.1500,346.1500
12.5900,99,346.1500,346.1500
12.6000,99,346.1500,346.1500
12.6100,99,346.1500,346.1500
12.6200,99,346.1500,346.1500
12.6300,99,346.1500,346.1499
12.6400,99,346.1500,346.1496
12.6500,99,346.1500,346.1498
12.6600,99,346.1500,346.1517
12.6700,99,346.1500,346.1544
12.6800,99,346.1500,346.1495
12.6900,99,346.1500,346.1265
12.7000,99,346.1500,346.1079
12.7100,99,346.1500,346.1907
12.7200,99,346.1500,346.4419
12.7300,98,346.1500,346.4930
12.7400,98,346.1500,345.3063
12.7500,98,346.1500,342.8064
12.7600,98,333.3300,341.3549
12.7700,98,346.1500,341.9691
12.7800,98,346.1500,342.0217
12.7900,98,333.3300,340.4736
12.8000,98,346.1500,339.5019
12.8100,98,333.3300,340.5146
12.8200,97,346.1500,342.2903
12.8300,97,346.1500,342.3703
12.8400,97,333.3300,340.7412
12.8500,97,346.1500,339.5795
12.8600,97,333.3300,339.5494
12.8700,97,346.1500,339.9023
12.8800,97,333.3300,339.8863
12.8900,97,346.1500,338.8269
12.9000,96,333.3300,337.3587
12.9100,96,333.3300,337.2186
12.9200,96,346.1500,337.7502
12.9300,96,333.3300,337.5364
12.9400,96,333.3300,337.8099
12.9500,96,346.1500,338.2560
12.9600,95,333.3300,336.6079
12.9700,95,333.3300,333.8364
12.9800,95,333.3300,332.6169
12.9900,95,333.3300,333.9471
13.0000,95,333.3300,336.8660
13.0100,94,346.1500,338.2851
13.0200,94,333.3300,336.5765
13.0300,94,333.3300,335.0505
13.0400,94,333.3300,336.5541
13.0500,94,346.1500,338.2414
13.0600,93,333.3300,336.8796
13.0700,93,333.3300,334.1893
13.0800,93,333.3300,333.0058
13.0900,93,333.3300,333.3349
13.1000,92,333.3300,333.6760
13.1100,92,333.3300,332.4904
13.1200,92,333.3300,329.6945
13.1300,92,320.5100,328.1456
13.1400,92,333.3300,330.0283
13.1500,91,333.3300,332.8588
13.1600,91,333.3300,332.8380
13.1700,91,333.3300,329.9868
13.1800,91,320.5100,328.1821
13.1900,90,333.3300,329.9584
13.2000,90,333.3300,332.7938
13.2100,90,333.3300,332.9012
13.2200,89,333.3300,330.3252
13.2300,89,320.5100,328.4900
13.2400,89,333.3300,328.8304
13.2500,89,333.3300,329.1018
13.2600,88,320.5100,328.9000
13.2700,88,333.3300,329.4197
13.2800,88,333.3300,329.2816
13.2900,87,320.5100,327.9189
13.3000,87,333.3300,327.0464
13.3100,87,320.5100,326.8355
13.3200,87,333.3300,325.8634
13.3300,86,320.5100,324.3290
13.3400,86,320.5100,324.3020
13.3500,86,333.3300,325.8768
13.3600,85,320.5100,327.1025
13.3700,85,333.3300,327.4805
13.3800,85,320.5100,327.3537
13.3900,84,333.3300,325.9907
13.4000,84,320.5100,323.3032
13.4100,84,320.5100,321.9582
13.4200,83,320.5100,323.7181
13.4300,83,333.3300,325.4705
13.4400,83,320.5100,324.1052
13.4500,82,320.5100,321.4141
13.4600,82,320.5100,320.1397
13.4700,81,320.5100,320.1960
13.4800,81,320.5100,320.4683
13.4900,81,320.5100,320.5601
13.5000,80,320.5100,320.5348
13.5100,80,320.5100,320.4852
13.5200,80,320.5100,320.4599
13.5300,79,320.5100,320.5517
13.5400,79,320.5100,320.8239
13.5500,79,320.5100,320.8799
13.5600,78,320.5100,319.6056
13.5700,78,320.5100,316.9164
13.5800,77,307.6900,315.5541
13.5900,77,320.5100,317.3019
13.6000,77,320.5100,319.0386
13.6100,76,320.5100,317.6729
13.6200,76,307.6900,315.0651
13.6300,75,320.5100,313.9583
13.6400,75,307.6900,313.9075
13.6500,75,320.5100,313.1209
13.6600,74,307.6900,311.7605
13.6700,74,307.6900,311.6088
13.6800,73,320.5100,312.1173
13.6900,73,307.6900,311.8912
13.7000,72,307.6900,312.1424
13.7100,72,320.5100,312.5708
13.7200,72,307.6900,311.0118
13.7300,71,307.6900,308.5103
13.7400,71,307.6900,307.3467
13.7500,70,307.6900,307.4028
13.7600,70,307.6900,307.6308
13.7700,69,307.6900,307.6848
13.7800,69,307.6900,307.7288
13.7900,68,307.6900,307.9621
13.8000,68,307.6900,308.1189
13.8100,67,307.6900,307.1181
13.8200,67,307.6900,304.4011
13.8300,67,294.8700,301.6019
13.8400,66,307.6900,300.7901
13.8500,66,294.8700,302.2419
13.8600,65,307.6900,303.9953
13.8700,65,307.6900,303.0022
13.8800,64,294.8700,299.9162
13.8900,64,294.8700,298.6223
13.9000,63,307.6900,299.0487
13.9100,63,294.8700,299.0099
13.9200,62,294.8700,299.3240
13.9300,62,307.6900,299.7278
13.9400,61,294.8700,298.2404
13.9500,61,294.8700,296.0025
13.9600,60,294.8700,294.8868
13.9700,60,294.8700,293.6544
13.9800,59,294.8700,291.2113
13.9900,59,282.0500,290.0191
14.0000,58,294.8700,291.9406
14.0100,58,294.8700,293.5618
14.0200,57,294.8700,291.0312
14.0300,57,282.0500,286.7094
14.0400,56,282.0500,285.4959
14.0500,56,294.8700,287.3875
14.0600,55,282.0500,288.9217
14.0700,55,294.8700,288.2046
14.0800,54,282.0500,285.6576
14.0900,54,282.0500,282.9889
14.1000,53,282.0500,280.7150
14.1100,53,282.0500,278.1840
14.1200,52,269.2300,277.0536
14.1300,51,282.0500,278.8441
14.1400,51,282.0500,280.6424
14.1500,50,282.0500,279.5250
14.1600,50,269.2300,276.9718
14.1700,49,282.0500,274.5950
14.1800,49,269.2300,271.8493
14.1900,48,269.2300,269.6823
14.2000,48,269.2300,270.0751
14.2100,47,269.2300,271.7627
14.2200,47,282.0500,271.0699
14.2300,46,256.4100,268.0218
14.2400,45,269.2300,265.9218
14.2500,45,269.2300,265.0457
14.2600,44,256.4100,263.8956
14.2700,44,269.2300,262.0722
14.2800,43,256.4100,259.3932
14.2900,43,256.4100,256.9820
14.3000,42,256.4100,256.2680
14.3100,42,256.4100,256.5215
14.3200,41,256.4100,255.8208
14.3300,40,256.4100,253.5191
14.3400,40,243.5900,251.0212
14.3500,39,256.4100,248.9786
14.3600,39,243.5900,246.4825
14.3700,38,243.5900,244.1819
14.3800,37,243.5900,243.4749
14.3900,37,243.5900,243.7113
14.4000,36,243.5900,242.9976
14.4100,36,243.5900,240.6738
14.4200,35,230.7700,238.1585
14.4300,35,243.5900,236.1974
14.4400,34,230.7700,233.9520
14.4500,33,230.7700,231.7117
14.4600,33,230.7700,229.8371
14.4700,32,230.7700,227.5615
14.4800,32,217.9500,225.2766
14.4900,31,230.7700,223.4022
14.5000,30,217.9500,221.2404
14.5100,30,217.9500,219.1402
14.5200,29,217.9500,217.0455
14.5300,29,217.9500,213.5345
14.5400,28,205.1300,210.0146
14.5500,27,205.1300,209.3358
14.5600,27,217.9500,209.1260
14.5700,26,205.1300,205.4998
14.5800,26,192.3100,200.5632
14.5900,25,205.1300,197.4176
14.6000,24,192.3100,195.2025
14.6100,24,192.3100,193.1829
14.6200,23,192.3100,191.3724
14.6300,23,192.3100,189.1703
14.6400,22,179.4900,187.1342
14.6500,21,192.3100,185.3043
14.6600,21,179.4900,181.8519
14.6700,20,179.4900,177.0601
14.6800,19,166.6700,173.6930
14.6900,19,179.4900,172.1223
14.7000,18,166.6700,170.2443
14.7100,18,166.6700,167.0366
14.7200,17,166.6700,162.5072
14.7300,16,153.8500,157.6903
14.7400,16,153.8500,154.6670
14.7500,15,153.8500,152.9700
14.7600,15,153.8500,149.7649
14.7700,14,141.0300,145.1210
14.7800,13,141.0300,141.8910
14.7900,13,141.0300,140.1671
14.8000,12,141.0300,137.2076
14.8100,11,128.2100,132.6396
14.8200,11,128.2100,128.2534
14.8300,10,128.2100,124.0463
14.8400,10,115.3800,119.5497
14.8500,9,115.3800,115.3379
14.8600,8,115.3800,110.9294
14.8700,8,102.5600,106.3347
14.8800,7,102.5600,103.4381
14.8900,6,102.5600,101.9707
14.9000,6,102.5600,98.9044
14.9100,5,89.7400,93.2593
14.9200,5,89.7400,87.3288
14.9300,4,76.9200,82.8082
14.9400,3,89.7400,78.9605
14.9500,3,64.1000,75.6951
14.9600,2,76.9200,73.1726
14.9700,1,76.9200,68.9418
14.9800,1,51.2800,62.6270
14.9900,0,64.1000,57.3660
15.0000,0,51.2800,54.0081
15.0100,0,51.2800,51.2146
15.0200,-1,51.2800,48.3257
15.0300,-1,38.4600,45.0757
15.0400,-2,51.2800,40.9546
15.0500,-3,25.6400,36.2536
15.0600,-3,38.4600,31.9583
15.0700,-4,25.6400,27.6587
15.0800,-5,25.6400,23.2721
15.0900,-5,12.8200,20.2102
15.1000,-6,25.6400,17.4502
15.1100,-6,12.8200,12.8194
15.1200,-7,0.0000,8.0244
15.1300,-8,12.8200,5.0606
15.1400,-8,0.0000,2.6891
15.1500,-9,0.0000,0.5498
15.1600,-10,0.0000,-0.3234
15.1700,-10,0.0000,-0.2272
15.1800,-11,0.0000,-0.0206
15.1900,-11,0.0000,0.0369
15.2000,-12,0.0000,0.0177
15.2100,-13,0.0000,-0.0007
15.2200,-13,0.0000,-0.0037
15.2300,-14,0.0000,-0.0014
15.2400,-15,0.0000,-0.0002
15.2500,-15,0.0000,0.0001
15.2600,-16,0.0000,0.0019
15.2700,-16,0.0000,0.0044
15.2800,-17,0.0000,-0.0008
15.2900,-18,0.0000,-0.0240
15.3000,-18,0.0000,-0.0412
15.3100,-19,0.0000,0.0446
15.3200,-19,0.0000,0.2947
15.3300,-20,0.0000,0.3283
15.3400,-21,0.0000,-0.8853
15.3500,-21,0.0000,-3.3474
15.3600,-22,-12.8200,-4.5894
15.3700,-23,0.0000,-3.7731
15.3800,-23,0.0000,-4.4092
15.3900,-24,-12.8200,-8.2890
15.4000,-24,-12.8200,-12.9376
15.4100,-25,-12.8200,-16.3693
15.4200,-26,-25.6400,-18.3097
15.4300,-26,-12.8200,-19.8838
15.4400,-27,-25.6400,-23.2702
15.4500,-27,-25.6400,-28.0022
15.4600,-28,-38.4600,-31.1489
15.4700,-29,-25.6400,-32.6881
15.4800,-29,-38.4600,-35.7482
15.4900,-30,-38.4600,-41.3747
15.5000,-30,-51.2800,-47.2133
15.5100,-31,-51.2800,-51.5522
15.5200,-32,-51.2800,-55.5046
15.5300,-32,-64.1000,-59.9087
15.5400,-33,-64.1000,-64.0537
15.5500,-33,-64.1000,-68.3260
15.5600,-34,-76.9200,-73.0514
15.5700,-35,-76.9200,-76.9998
15.5800,-35,-76.9200,-79.8159
15.5900,-36,-89.7400,-82.8401
15.6000,-36,-76.9200,-88.1279
15.6100,-37,-102.5600,-95.4969
15.6200,-37,-102.5600,-101.1697
15.6300,-38,-102.5600,-103.8094
15.6400,-39,-102.5600,-106.6270
15.6500,-39,-115.3800,-110.9611
15.6600,-40,-115.3800,-115.2943
15.6700,-40,-115.3800,-119.5498
15.6800,-41,-128.2100,-124.0869
15.6900,-42,-128.2100,-128.2148
15.7000,-42,-128.2100,-132.3524
15.7100,-43,-141.0300,-136.8827
15.7200,-43,-141.0300,-141.0296
15.7300,-44,-141.0300,-145.1770
15.7400,-44,-153.8500,-149.7096
15.7500,-45,-153.8500,-153.8497
15.7600,-45,-153.8500,-157.9718
15.7700,-46,-166.6700,-162.4826
15.7800,-47,-166.6700,-166.7083
15.7900,-47,-166.6700,-171.1040
15.8000,-48,-179.4900,-175.6946
15.8100,-48,-179.4900,-178.6739
15.8200,-49,-179.4900,-180.3097
15.8300,-49,-179.4900,-183.2637
15.8400,-50,-192.3100,-187.8353
15.8500,-50,-192.3100,-192.3144
15.8600,-51,-192.3100,-196.7857
15.8700,-51,-205.1300,-201.3322
15.8800,-52,-205.1300,-204.2691
15.8900,-53,-205.1300,-205.9909
15.9000,-53,-205.1300,-209.2187
15.9100,-54,-217.9500,-213.8399
15.9200,-54,-217.9500,-217.0255
15.9300,-55,-217.9500,-218.8111
15.9400,-55,-217.9500,-222.1027
15.9500,-56,-230.7700,-226.9723
15.9600,-56,-230.7700,-230.2303
15.9700,-57,-230.7700,-230.7694
15.9800,-57,-230.7700,-231.3106
15.9900,-58,-230.7700,-234.5733
16.0000,-58,-243.5900,-239.4411
16.0100,-59,-243.5900,-242.7069
16.0200,-59,-243.5900,-244.4537
16.0300,-60,-243.5900,-247.6981
16.0400,-60,-256.4100,-252.6283
16.0500,-61,-256.4100,-256.1383
16.0600,-61,-256.4100,-256.8153
16.0700,-62,-256.4100,-256.3389
16.0800,-62,-256.4100,-256.9866
16.0900,-63,-256.4100,-259.3240
16.1000,-63,-269.2300,-261.7544
16.1100,-64,-256.4100,-263.5334
16.1200,-64,-269.2300,-265.9739
16.1300,-65,-269.2300,-269.5421
16.1400,-65,-269.2300,-272.9162
16.1500,-66,-282.0500,-274.0247
16.1600,-66,-269.2300,-273.0679
16.1700,-67,-269.2300,-273.8913
16.1800,-67,-282.0500,-277.8236
16.1900,-67,-282.0500,-281.2836
16.2000,-68,-282.0500,-282.2808
16.2100,-68,-282.0500,-282.9967
16.2200,-69,-282.0500,-285.2986
16.2300,-69,-294.8700,-287.7816
16.2400,-70,-282.0500,-288.5732
16.2500,-70,-294.8700,-288.3211
16.2600,-71,-282.0500,-289.0977
16.2700,-71,-294.8700,-291.6664
16.2800,-72,-294.8700,-294.2364
16.2900,-72,-294.8700,-295.0098
16.3000,-72,-294.8700,-294.7363
16.3100,-73,-294.8700,-295.5031
16.3200,-73,-294.8700,-298.0500
16.3300,-74,-307.6900,-300.5998
16.3400,-74,-294.8700,-301.4572
16.3500,-75,-307.6900,-301.4553
16.3600,-75,-294.8700,-302.3077
16.3700,-75,-307.6900,-303.6272
16.3800,-76,-307.6900,-303.4228
16.3900,-76,-294.8700,-302.5574
16.4000,-77,-307.6900,-303.9564
16.4100,-77,-307.6900,-307.7308
16.4200,-77,-307.6900,-311.6935
16.4300,-78,-320.5100,-313.1869
16.4400,-78,-307.6900,-311.0742
16.4500,-79,-307.6900,-308.1014
16.4600,-79,-307.6900,-307.8890
16.4700,-79,-307.6900,-310.6044
16.4800,-80,-320.5100,-313.4109
16.4900,-80,-307.6900,-314.3261
16.5000,-80,-320.5100,-314.2737
16.5100,-81,-307.6900,-315.0759
16.5200,-81,-320.5100,-316.4594
16.5300,-81,-320.5100,-316.5286
16.5400,-82,-307.6900,-315.8339
16.5500,-82,-320.5100,-316.1707
16.5600,-83,-320.5100,-317.0782
16.5700,-83,-307.6900,-318.2620
16.5800,-83,-333.3300,-319.7368
16.5900,-84,-307.6900,-320.4669
16.6000,-84,-333.3300,-320.6169
16.6100,-84,-307.6900,-321.5132
16.6200,-85,-333.3300,-322.8085
16.6300,-85,-320.5100,-322.7558
16.6400,-85,-320.5100,-322.3252
16.6500,-86,-320.5100,-323.6962
16.6600,-86,-333.3300,-325.1659
16.6700,-86,-320.5100,-324.9251
16.6800,-87,-320.5100,-324.6749
16.6900,-87,-333.3300,-324.7074
16.7000,-87,-320.5100,-324.2685
16.7100,-87,-320.5100,-325.5534
16.7200,-88,-333.3300,-328.6160
16.7300,-88,-333.3300,-329.5887
16.7400,-88,-320.5100,-327.9213
16.7500,-89,-333.3300,-326.7425
16.7600,-89,-320.5100,-327.6316
16.7700,-89,-333.3300,-329.1817
16.7800,-89,-333.3300,-329.1460
16.7900,-90,-320.5100,-328.5377
16.8000,-90,-333.3300,-329.9880
16.8100,-90,-333.3300,-332.4864
16.8200,-91,-333.3300,-333.6726
16.8300,-91,-333.3300,-333.6219
16.8400,-91,-333.3300,-333.3711
16.8500,-91,-333.3300,-333.2883
16.8600,-92,-333.3300,-333.3051
16.8700,-92,-333.3300,-333.3249
16.8800,-92,-333.3300,-333.3326
16.8900,-92,-333.3300,-333.3519
16.9000,-92,-333.3300,-333.3771
16.9100,-93,-333.3300,-333.3162
16.9200,-93,-333.3300,-333.0627
16.9300,-93,-333.3300,-332.8943
16.9400,-93,-333.3300,-333.8724
16.9500,-94,-333.3300,-336.5790
16.9600,-94,-346.1500,-339.4851
16.9700,-94,-333.3300,-340.5607
16.9800,-94,-346.1500,-339.0622
16.9900,-94,-333.3300,-335.8719
17.0000,-95,-333.3300,-334.3914
17.0100,-95,-333.3300,-337.3533
17.0200,-95,-346.1500,-341.6320
17.0300,-95,-346.1500,-341.7470
17.0400,-95,-333.3300,-338.4671
17.0500,-96,-333.3300,-337.0690
17.0600,-96,-346.1500,-338.3997
17.0700,-96,-333.3300,-339.4808
17.0800,-96,-346.1500,-339.6485
17.0900,-96,-333.3300,-340.7352
17.1000,-96,-346.1500,-343.2902
17.1100,-97,-346.1500,-344.6266
17.1200,-97,-346.1500,-342.9783
17.1300,-97,-333.3300,-341.5067
17.1400,-97,-346.1500,-342.9489
17.1500,-97,-346.1500,-344.3897
17.1600,-97,-346.1500,-342.9028
17.1700,-97,-333.3300,-341.2161
17.1800,-97,-346.1500,-342.5530
17.1900,-98,-346.1500,-345.3065
17.2000,-98,-346.1500,-346.7668
17.2100,-98,-346.1500,-346.6258
17.2200,-98,-346.1500,-345.2165
17.2300,-98,-346.1500,-343.4238
17.2400,-98,-333.3300,-343.2623
17.2500,-98,-358.9700,-345.0271
17.2600,-98,-333.3300,-347.3425
17.2700,-98,-358.9700,-348.9946
17.2800,-99,-346.1500,-348.5617
17.2900,-99,-346.1500,-346.7198
17.3000,-99,-346.1500,-346.5736
17.3100,-99,-346.1500,-349.0786
17.3200,-99,-358.9700,-351.8853
17.3300,-99,-346.1500,-353.0816
17.3400,-99,-358.9700,-353.1221
17.3500,-99,-346.1500,-352.6574
17.3600,-99,-358.9700,-351.2589
17.3700,-99,-346.1500,-349.7865
17.3800,-99,-346.1500,-350.9715
17.3900,-99,-358.9700,-354.2016
17.4000,-99,-358.9700,-355.2504
17.4100,-99,-346.1500,-353.5579
17.4200,-99,-358.9700,-352.3436
17.4300,-99,-346.1500,-353.3077
17.4400,-99,-358.9700,-355.1072
17.4500,-99,-358.9700,-355.1291
17.4600,-99,-346.1500,-353.3595
17.4700,-99,-358.9700,-352.3312
17.4800,-99,-346.1500,-353.2906
17.4900,-99,-358.9700,-354.8166
17.5000,-100,-358.9700,-354.7469
17.5100,-99,-346.1500,-354.2138
17.5200,-99,-358.9700,-355.9138
17.5300,-99,-358.9700,-358.4714
17.5400,-99,-358.9700,-358.4972
17.5500,-99,-358.9700,-355.9603
17.5600,-99,-346.1500,-354.1521
17.5700,-99,-358.9700,-354.4130
17.5800,-99,-358.9700,-354.5121
17.5900,-99,-346.1500,-354.4211
17.6000,-99,-358.9700,-356.0179
17.6100,-99,-358.9700,-357.3361
17.6200,-99,-358.9700,-356.0135
17.6300,-99,-346.1500,-354.4011
17.6400,-99,-358.9700,-354.4888
17.6500,-99,-358.9700,-354.4708
17.6600,-99,-346.1500,-354.3816
17.6700,-99,-358.9700,-356.0987
17.6800,-99,-358.9700,-357.5866
17.6900,-99,-358.9700,-356.0458
17.7000,-99,-346.1500,-353.1929
17.7100,-99,-358.9700,-352.0528
17.7200,-99,-346.1500,-353.2516
17.7300,-98,-358.9700,-355.1063
17.7400,-98,-358.9700,-355.1729
17.7500,-98,-346.1500,-353.6275
17.7600,-98,-358.9700,-352.7275
17.7700,-98,-346.1500,-352.6767
17.7800,-98,-358.9700,-351.6145
17.7900,-98,-346.1500,-349.0368
17.8000,-98,-346.1500,-347.5845
17.8100,-98,-346.1500,-349.0459
17.8200,-97,-358.9700,-350.7154
17.8300,-97,-346.1500,-350.6024
17.8400,-97,-346.1500,-350.6678
17.8500,-97,-358.9700,-351.0060
17.8600,-97,-346.1500,-349.4520
17.8700,-97,-346.1500,-346.9705
17.8800,-97,-346.1500,-345.8052
17.8900,-97,-346.1500,-345.8378
17.9000,-96,-346.1500,-346.0642
17.9100,-96,-346.1500,-346.2308
17.9200,-96,-346.1500,-346.4873
17.9300,-96,-346.1500,-346.5452
17.9400,-96,-346.1500,-345.2859
17.9500,-96,-346.1500,-342.5094
17.9600,-95,-333.3300,-340.8796
17.9700,-95,-346.1500,-342.5802
17.9800,-95,-346.1500,-345.6029
17.9900,-95,-346.1500,-346.9067
18.0000,-95,-346.1500,-345.5609
18.0100,-94,-346.1500,-342.6157
18.0200,-94,-333.3300,-341.1696
18.0300,-94,-346.1500,-342.8561
18.0400,-94,-346.1500,-344.4502
18.0500,-94,-346.1500,-343.1981
18.0600,-93,-333.3300,-341.6470
18.0700,-93,-346.1500,-341.9829
18.0800,-93,-346.1500,-342.0404
18.0900,-93,-333.3300,-340.7004
18.1000,-92,-346.1500,-339.6404
18.1100,-92,-333.3300,-339.4947
18.1200,-92,-346.1500,-339.6511
18.1300,-92,-333.3300,-339.8257
18.1400,-92,-346.1500,-340.0132
18.1500,-91,-333.3300,-339.8868
18.1600,-91,-346.1500,-338.7142
18.1700,-91,-333.3300,-337.0753
18.1800,-91,-333.3300,-337.1458
18.1900,-90,-346.1500,-339.0313
18.2000,-90,-333.3300,-340.3374
18.2100,-90,-346.1500,-339.3572
18.2200,-89,-333.3300,-336.2866
18.2300,-89,-333.3300,-333.5070
18.2400,-89,-333.3300,-333.7586
18.2500,-89,-333.3300,-336.6736
18.2600,-88,-346.1500,-338.5401
18.2700,-88,-333.3300,-336.9910
18.2800,-88,-333.3300,-334.2097
18.2900,-87,-333.3300,-332.9381
18.3000,-87,-333.3300,-333.0125
18.3100,-87,-333.3300,-333.2893
18.3200,-87,-333.3300,-333.3788
18.3300,-86,-333.3300,-333.3598
18.3400,-86,-333.3300,-333.3298
18.3500,-86,-333.3300,-333.3019
18.3600,-85,-333.3300,-333.2859
18.3700,-85,-333.3300,-333.3691
18.3800,-85,-333.3300,-333.6197
18.3900,-84,-333.3300,-333.6778
18.4000,-84,-333.3300,-332.5091
18.4100,-84,-333.3300,-330.0051
18.4200,-83,-320.5100,-328.4539
18.4300,-83,-333.3300,-328.9002
18.4400,-83,-333.3300,-329.1459
18.4500,-82,-320.5100,-328.8193
18.4600,-82,-333.3300,-329.1663
18.4700,-81,-333.3300,-329.2239
18.4800,-81,-320.5100,-329.0827
18.4900,-81,-333.3300,-329.5280
18.5000,-80,-333.3300,-328.3693
18.5100,-80,-320.5100,-325.5005
18.5200,-80,-320.5100,-324.3308
18.5300,-79,-333.3300,-324.6694
18.5400,-79,-320.5100,-324.3426
18.5500,-79,-320.5100,-324.5964
18.5600,-78,-333.3300,-326.2703
18.5700,-78,-320.5100,-327.4485
18.5800,-77,-333.3300,-326.5512
18.5900,-77,-320.5100,-323.7740
18.6000,-77,-320.5100,-321.0821
18.6100,-76,-320.5100,-320.0863
18.6200,-76,-320.5100,-320.2395
18.6300,-75,-320.5100,-320.4688
18.6400,-75,-320.5100,-320.5117
18.6500,-75,-320.5100,-320.5740
18.6600,-74,-320.5100,-320.8221
18.6700,-74,-320.5100,-320.8752
18.6800,-73,-320.5100,-319.6040
18.6900,-73,-320.5100,-316.9148
18.7000,-72,-307.6900,-315.5514
18.7100,-72,-320.5100,-317.3065
18.7200,-72,-320.5100,-319.0631
18.7300,-71,-320.5100,-317.6964
18.7400,-71,-307.6900,-314.9841
18.7500,-70,-320.5100,-313.6849
18.7600,-70,-307.6900,-313.8049
18.7700,-69,-320.5100,-314.3235
18.7800,-69,-307.6900,-314.5540
18.7900,-68,-320.5100,-313.5327
18.8000,-68,-307.6900,-310.8951
18.8100,-67,-307.6900,-308.2788
18.8200,-67,-307.6900,-307.2840
18.8300,-67,-307.6900,-307.4249
18.8400,-66,-307.6900,-307.6512
18.8500,-66,-307.6900,-307.6881
18.8600,-65,-307.6900,-307.7260
18.8700,-65,-307.6900,-307.9605
18.8800,-64,-307.6900,-308.1188
18.8900,-64,-307.6900,-307.1180
18.9000,-63,-307.6900,-304.4009
18.9100,-63,-294.8700,-301.6032
18.9200,-62,-307.6900,-300.7946
18.9300,-62,-294.8700,-302.2437
18.9400,-61,-307.6900,-303.9755
18.9500,-61,-307.6900,-302.9558
18.9600,-60,-294.8700,-299.9301
18.9700,-60,-294.8700,-298.8854
18.9800,-59,-307.6900,-299.4746
18.9900,-59,-294.8700,-298.4699
19.0000,-58,-294.8700,-296.1301
19.0100,-58,-294.8700,-293.6643
19.0200,-57,-294.8700,-290.9017
19.0300,-57,-282.0500,-289.5990
19.0400,-56,-294.8700,-291.6291
19.0500,-56,-294.8700,-294.6709
19.0600,-55,-294.8700,-294.7647
19.0700,-55,-294.8700,-290.9904
19.0800,-54,-282.0500,-286.7451
19.0900,-54,-282.0500,-285.8052
19.1000,-53,-294.8700,-286.5766
19.1100,-53,-282.0500,-285.3574
19.1200,-52,-282.0500,-282.8950
19.1300,-51,-282.0500,-281.7475
19.1400,-51,-282.0500,-282.0278
19.1500,-50,-282.0500,-282.4143
19.1600,-50,-282.0500,-281.4780
19.1700,-49,-282.0500,-278.8253
19.1800,-49,-269.2300,-276.2560
19.1900,-48,-282.0500,-275.4930
19.2000,-48,-269.2300,-275.7561
19.2100,-47,-282.0500,-274.9886
19.2200,-47,-269.2300,-272.5258
19.2300,-46,-269.2300,-270.1360
19.2400,-45,-269.2300,-269.1438
19.2500,-45,-269.2300,-268.0722
19.2600,-44,-269.2300,-265.8831
19.2700,-44,-256.4100,-264.7300
19.2800,-43,-269.2300,-265.4547
19.2900,-43,-269.2300,-264.5534
19.3000,-42,-256.4100,-260.5518
19.3100,-42,-256.4100,-256.9240
19.3200,-41,-256.4100,-256.0199
19.3300,-40,-256.4100,-256.4427
19.3400,-40,-256.4100,-255.8425
19.3500,-39,-256.4100,-253.5388
19.3600,-39,-243.5900,-251.0057
19.3700,-38,-256.4100,-248.9537
19.3800,-37,-243.5900,-246.5415
19.3900,-37,-243.5900,-244.4100
19.4000,-36,-243.5900,-243.5948
19.4100,-36,-243.5900,-242.7715
19.4200,-35,-243.5900,-240.6131
19.4300,-35,-230.7700,-238.1804
19.4400,-34,-243.5900,-236.2172
19.4500,-33,-230.7700,-233.9547
19.4600,-33,-230.7700,-231.7088
19.4700,-32,-230.7700,-229.8376
19.4800,-32,-230.7700,-227.5662
19.4900,-31,-217.9500,-225.2747
19.5000,-30,-230.7700,-223.3743
19.5100,-30,-217.9500,-221.1985
19.5200,-29,-217.9500,-219.2041
19.5300,-29,-217.9500,-217.3797
19.5400,-28,-217.9500,-213.8387
19.5500,-27,-205.1300,-208.8816
19.5600,-27,-205.1300,-205.6441
19.5700,-26,-205.1300,-205.1516
19.5800,-26,-205.1300,-204.6454
19.5900,-25,-205.1300,-201.3155
19.6000,-24,-192.3100,-196.1705
19.6100,-24,-192.3100,-192.7150
19.6200,-23,-192.3100,-192.0163
19.6300,-23,-192.3100,-191.7174
19.6400,-22,-192.3100,-189.7884
19.6500,-21,-179.4900,-186.3137
19.6600,-21,-192.3100,-181.6896
19.6700,-20,-166.6700,-176.8736
19.6800,-19,-179.4900,-173.8697
19.6900,-19,-166.6700,-172.2640
19.7000,-18,-179.4900,-169.2456
19.7100,-18,-153.8500,-164.5177
19.7200,-17,-166.6700,-160.1646
19.7300,-16,-153.8500,-156.7403
19.7400,-16,-153.8500,-153.5122
19.7500,-15,-153.8500,-150.5029
19.7600,-15,-141.0300,-148.5314
19.7700,-14,-153.8500,-147.1028
19.7800,-13,-141.0300,-143.7641
19.7900,-13,-141.0300,-137.7744
19.8000,-12,-128.2100,-131.8624
19.8100,-11,-128.2100,-128.7980
19.8200,-11,-128.2100,-127.6206
19.8300,-10,-128.2100,-124.8232
19.8400,-10,-115.3800,-118.9826
19.8500,-9,-115.3800,-111.8099
19.8600,-8,-102.5600,-105.9633
19.8700,-8,-102.5600,-103.0641
19.8800,-7,-102.5600,-101.6976
19.8900,-6,-102.5600,-98.8130
19.9000,-6,-89.7400,-94.2194
19.9100,-5,-89.7400,-89.8011
19.9200,-5,-89.7400,-85.4872
19.9300,-4,-76.9200,-80.8117
19.9400,-3,-76.9200,-76.7988
19.9500,-3,-76.9200,-73.7171
19.9600,-2,-64.1000,-70.6345
19.9700,-1,-76.9200,-66.6131
19.9800,-1,-51.2800,-61.9178
19.9900,0,-64.1000,-57.6070
20.0000,0,-51.2800,-53.2966
20.0100,0,-51.2800,-48.8908
20.0200,1,-38.4600,-45.8104
20.0300,1,-51.2800,-43.1146
20.0400,2,-38.4600,-38.7071
20.0500,3,-25.6400,-34.0088
20.0600,3,-38.4600,-30.0861
20.0700,4,-25.6400,-25.4111
20.0800,5,-12.8200,-21.0274
20.0900,5,-25.6400,-18.2689
20.1000,6,-12.8200,-14.9568
20.1100,6,-12.8200,-10.4347
20.1200,7,0.0000,-7.0863
20.1300,8,-12.8200,-5.1850
20.1400,8,0.0000,-2.9172
20.1500,9,0.0000,-0.5854
20.1600,10,0.0000,0.3926
20.1700,10,0.0000,0.2064
20.1800,11,0.0000,-0.2935
20.1900,11,0.0000,-0.4292
20.2000,12,0.0000,0.8655
20.2100,13,0.0000,3.6597
20.2200,13,12.8200,5.1845
20.2300,14,0.0000,3.2986
20.2400,15,0.0000,0.4922
20.2500,15,0.0000,0.5341
20.2600,16,0.0000,3.3049
20.2700,16,12.8200,4.8592
20.2800,17,0.0000,3.0241
20.2900,18,0.0000,1.3553
20.3000,18,0.0000,3.7491
20.3100,19,12.8200,7.8813
20.3200,19,12.8200,9.2935
20.3300,20,0.0000,8.7268
20.3400,21,12.8200,8.6996
20.3500,21,12.8200,8.2991
20.3600,22,0.0000,7.6613
20.3700,23,12.8200,9.1306
20.3800,23,12.8200,12.6022
20.3900,24,12.8200,16.1698
20.4000,24,25.6400,18.5189
20.4100,25,12.8200,19.9544
20.4200,26,25.6400,22.0597
20.4300,26,25.6400,25.5185
20.4400,27,25.6400,29.9633
20.4500,27,38.4600,33.7313
20.4600,28,38.4600,35.2343
20.4700,29,25.6400,36.5580
20.4800,29,51.2800,40.1731
20.4900,30,38.4600,45.5997
20.5000,30,51.2800,51.6079
20.5100,31,64.1000,56.2036
20.5200,32,51.2800,58.7117
20.5300,32,64.1000,61.6920
20.5400,33,64.1000,66.1121
20.5500,33,76.9200,70.4445
20.5600,34,64.1000,74.6803
20.5700,35,89.7400,79.2072
20.5800,35,76.9200,83.3332
20.5900,36,89.7400,87.4718
20.6000,36,89.7400,92.0032
20.6100,37,102.5600,96.1501
20.6200,37,89.7400,100.2957
20.6300,38,115.3800,104.8248
20.6400,39,102.5600,108.9676
20.6500,39,115.3800,113.1124
20.6600,40,115.3800,117.6522
20.6700,40,128.2100,121.8191
20.6800,41,115.3800,125.9625
20.6900,42,141.0300,130.3865
20.7000,42,128.2100,134.3459
20.7100,43,141.0300,138.6894
20.7200,43,141.0300,144.5493
20.7300,44,153.8500,150.1941
20.7400,44,153.8500,153.1716
20.7500,45,153.8500,154.4578
20.7600,45,153.8500,157.5490
20.7700,46,166.6700,163.4694
20.7800,47,166.6700,169.3820
20.7900,47,179.4900,172.4484
20.8000,48,166.6700,173.7171
20.8100,48,179.4900,176.7791
20.8200,49,179.4900,182.6714
20.8300,49,192.3100,188.5679
20.8400,50,192.3100,191.7174
20.8500,50,192.3100,193.2367
20.8600,51,192.3100,196.3570
20.8700,51,205.1300,201.0809
20.8800,52,205.1300,204.4733
20.8900,53,205.1300,206.0696
20.9000,53,205.1300,208.0324
20.9100,54,217.9500,211.4030
20.9200,54,205.1300,215.8233
20.9300,55,230.7700,219.5832
20.9400,55,217.9500,221.1577
20.9500,56,217.9500,222.7249
20.9600,56,230.7700,226.4660
20.9700,57,230.7700,230.8861
20.9800,57,230.7700,234.3446
20.9900,58,243.5900,236.4726
21.0000,58,230.7700,237.9318
21.0100,59,243.5900,240.2226
21.0200,59,243.5900,243.5682
21.0300,60,243.5900,246.9189
21.0400,60,256.4100,249.2924
21.0500,61,243.5900,250.9778
21.0600,61,256.4100,253.1375
21.0700,62,256.4100,255.4912
21.0800,62,256.4100,257.6557
21.0900,63,256.4100,259.9876
21.1000,63,269.2300,261.0020
21.1100,64,256.4100,260.2117
21.1200,64,256.4100,261.0269
21.1300,65,269.2300,264.7722
21.1400,65,269.2300,268.3286
21.1500,66,269.2300,270.4810
21.1600,66,269.2300,272.8110
21.1700,67,282.0500,275.0224
21.1800,67,269.2300,275.7146
21.1900,67,282.0500,275.4952
21.2000,68,269.2300,276.3006
21.2100,68,282.0500,278.7858
21.2200,69,282.0500,281.1674
21.2300,69,282.0500,282.0493
21.2400,70,282.0500,282.9335
21.2500,70,282.0500,285.3204
21.2600,71,294.8700,287.8039
21.2700,71,282.0500,288.5813
21.2800,72,294.8700,288.3181
21.2900,72,282.0500,289.0708
21.3000,72,294.8700,291.6198
21.3100,73,294.8700,294.2778
21.3200,73,294.8700,295.3250
21.3300,74,294.8700,295.1211
21.3400,74,294.8700,294.6204
21.3500,75,294.8700,294.4190
21.3600,75,294.8700,295.4617
21.3700,75,294.8700,298.0967
21.3800,76,307.6900,300.6270
21.3900,76,294.8700,301.4624
21.4000,77,307.6900,301.4507
21.4100,77,294.8700,302.2808
21.4200,77,307.6900,303.5785
21.4300,78,307.6900,303.4589
21.4400,78,294.8700,302.8749
21.4500,79,307.6900,304.3730
21.4600,79,307.6900,306.8962
21.4700,79,307.6900,307.9908
21.4800,80,307.6900,307.6678
21.4900,80,307.6900,307.3606
21.5000,80,307.6900,308.5523
21.5100,81,307.6900,311.2616
21.5200,81,320.5100,312.6483
21.5300,81,307.6900,310.8999
21.5400,82,307.6900,309.1434
21.5500,82,307.6900,310.5033
21.5600,83,320.5100,313.1905
21.5700,83,307.6900,314.4681
21.5800,83,320.5100,314.4339
21.5900,84,307.6900,314.1890
21.6000,84,320.5100,314.0378
21.6100,84,307.6900,313.8109
21.6200,85,320.5100,313.6879
21.6300,85,307.6900,314.6751
21.6400,85,320.5100,317.2801
21.6500,86,320.5100,319.9785
21.6600,86,320.5100,321.1698
21.6700,86,320.5100,320.9405
21.6800,87,320.5100,319.5531
21.6900,87,320.5100,317.7880
21.7000,87,307.6900,317.6267
21.7100,87,333.3300,319.3642
21.7200,88,307.6900,321.6575
21.7300,88,333.3300,323.3958
21.7400,88,320.5100,323.2288
21.7500,89,320.5100,321.4469
21.7600,89,320.5100,320.0575
21.7700,89,320.5100,319.9106
21.7800,89,320.5100,321.2680
21.7900,90,320.5100,323.8589
21.8000,90,333.3300,325.4127
21.8100,90,320.5100,324.9653
21.8200,91,320.5100,324.7096
21.8300,91,333.3300,324.9383
21.8400,91,320.5100,324.4256
21.8500,91,320.5100,324.5604
21.8600,92,333.3300,325.9189
21.8700,92,320.5100,326.7902
21.8800,92,333.3300,327.0096
21.8900,92,320.5100,328.0013
21.9000,92,333.3300,329.5307
21.9100,93,333.3300,329.4492
21.9200,93,320.5100,327.6948
21.9300,93,333.3300,326.6846
21.9400,93,320.5100,327.6306
21.9500,94,333.3300,329.1551
21.9600,94,333.3300,329.1878
21.9700,94,320.5100,328.8472
21.9800,94,333.3300,330.3765
21.9900,94,333.3300,331.6272
22.0000,95,333.3300,330.0592
22.0100,95,320.5100,328.3963
22.0200,95,333.3300,329.7569
22.0300,95,333.3300,332.4287
22.0400,95,333.3300,333.6967
22.0500,96,333.3300,333.6424
22.0600,96,333.3300,333.3737
22.0700,96,333.3300,333.2831
22.0800,96,333.3300,333.3001
22.0900,96,333.3300,333.3300
22.1000,96,333.3300,333.3599
22.1100,97,333.3300,333.3767
22.1200,97,333.3300,333.2859
22.1300,97,333.3300,333.0176
22.1400,97,333.3300,332.9651
22.1500,97,333.3300,334.2346
22.1600,97,333.3300,336.9001
22.1700,97,346.1500,338.2416
22.1800,97,333.3300,336.5742
22.1900,98,333.3300,335.0958
22.2000,98,333.3300,336.5380
22.2100,98,346.1500,337.9715
22.2200,98,333.3300,336.4714
22.2300,98,333.3300,334.8062
22.2400,98,333.3300,336.2539
22.2500,98,346.1500,339.1062
22.2600,98,333.3300,340.1861
22.2700,98,346.1500,338.8230
22.2800,99,333.3300,337.0497
22.2900,99,333.3300,338.0179
22.3000,99,346.1500,341.0988
22.3100,99,346.1500,342.3976
22.3200,99,333.3300,341.9759
22.3300,99,346.1500,342.0097
22.3400,99,346.1500,341.6723
22.3500,99,333.3300,341.2517
22.3600,99,346.1500,342.8249
22.3700,99,346.1500,345.3094
22.3800,99,346.1500,346.4530
22.3900,99,346.1500,346.4780
22.4000,99,346.1500,346.5007
22.4100,99,346.1500,346.4977
22.4200,99,346.1500,345.2676
22.4300,99,346.1500,342.5360
22.4400,99,333.3300,340.9289
22.4500,99,346.1500,342.5383
22.4600,99,346.1500,345.2906
22.4700,99,346.1500,346.5380
22.4800,99,346.1500,346.4591
22.4900,99,346.1500,346.1919
22.5000,100,346.1500,346.1251
22.5100,99,346.1500,346.1518
22.5200,99,346.1500,346.0890
22.5300,99,346.1500,345.9033
22.5400,99,346.1500,345.9883
22.5500,99,346.1500,347.1257
22.5600,99,346.1500,348.8264
22.5700,99,358.9700,349.0111
22.5800,99,333.3300,347.2927
22.5900,99,358.9700,345.0073
22.6000,99,333.3300,343.2888
22.6100,99,346.1500,343.4731
22.6200,99,346.1500,345.1741
22.6300,99,346.1500,346.3136
22.6400,99,346.1500,346.4014
22.6500,99,346.1500,346.2105
22.6600,99,346.1500,346.1230
22.6700,99,346.1500,346.1299
22.6800,99,346.1500,346.1516
22.6900,99,346.1500,346.1529
22.7000,99,346.1500,346.1285
22.7100,99,346.1500,346.1077
22.7200,99,346.1500,346.1883
22.7300,98,346.1500,346.4388
22.7400,98,346.1500,346.4979
22.7500,98,346.1500,345.3311
22.7600,98,346.1500,342.8279
22.7700,98,333.3300,341.2691
22.7800,98,346.1500,341.6975
22.7900,98,346.1500,341.9472
22.8000,98,333.3300,341.7200
22.8100,98,346.1500,342.2344
22.8200,97,346.1500,342.0999
22.8300,97,333.3300,340.7412
22.8400,97,346.1500,339.8699
22.8500,97,333.3300,339.6507
22.8600,97,346.1500,338.6585
22.8700,97,333.3300,337.1272
22.8800,97,333.3300,337.2077
22.8900,97,346.1500,338.9701
22.9000,96,333.3300,340.0003
22.9100,96,346.1500,339.0516
22.9200,96,333.3300,337.4194
22.9300,96,333.3300,337.1970
22.9400,96,346.1500,337.7302
22.9500,96,333.3300,337.5328
22.9600,95,333.3300,337.8123
22.9700,95,346.1500,338.2594
22.9800,95,333.3300,336.6128
22.9900,95,333.3300,333.8361
23.0000,95,333.3300,332.5919
23.0100,94,333.3300,333.9002
23.0200,94,333.3300,336.9047
23.0300,94,346.1500,338.5977
23.0400,94,333.3300,336.9688
23.0500,94,333.3300,334.1944
23.0600,93,333.3300,332.9354
23.0700,93,333.3300,332.9909
23.0800,93,333.3300,333.2440
23.0900,93,333.3300,333.4160
23.1000,92,333.3300,333.6691
23.1100,92,333.3300,333.7246
23.1200,92,333.3300,332.4656
23.1300,92,333.3300,329.6914
23.1400,92,320.5100,328.0627
23.1500,91,333.3300,329.7553
23.1600,91,333.3300,332.7581
23.1700,91,333.3300,334.0649
23.1800,91,333.3300,332.8267
23.1900,90,333.3300,330.0690
23.2000,90,320.5100,328.4273
23.2100,90,333.3300,328.7868
23.2200,89,333.3300,328.8756
23.2300,89,320.5100,328.7662
23.2400,89,333.3300,330.4389
23.2500,89,333.3300,331.9175
23.2600,88,333.3300,330.4696
23.2700,88,320.5100,327.8023
23.2800,88,333.3300,326.5472
23.2900,87,320.5100,326.5911
23.3000,87,333.3300,326.8559
23.3100,87,320.5100,327.0255
23.3200,87,333.3300,327.1729
23.3300,86,320.5100,327.0421
23.3400,86,333.3300,325.9800
23.3500,86,320.5100,324.5315
23.3600,85,320.5100,324.3989
23.3700,85,333.3300,324.9373
23.3800,85,320.5100,324.7410
23.3900,84,320.5100,325.0110
23.4000,84,333.3300,325.3518
23.4100,84,320.5100,323.5194
23.4200,83,320.5100,320.9387
23.4300,83,320.5100,321.0213
23.4400,83,320.5100,323.8349
23.4500,82,333.3300,325.6969
23.4600,82,320.5100,324.1656
23.4700,81,320.5100,321.3921
23.4800,81,320.5100,320.1218
23.4900,81,320.5100,320.1976
23.5000,80,320.5100,320.4690
23.5100,80,320.5100,320.5338
23.5200,80,320.5100,320.4930
23.5300,79,320.5100,320.5488
23.5400,79,320.5100,320.7940
23.5500,79,320.5100,320.8561
23.5600,78,320.5100,319.6915
23.5700,78,320.5100,317.1887
23.5800,77,307.6900,315.6291
23.5900,77,320.5100,316.0552
23.6000,77,320.5100,316.3038
23.6100,76,307.6900,316.0851
23.6200,76,320.5100,316.6213
23.6300,75,320.5100,316.4844
23.6400,75,307.6900,315.0103
23.6500,75,320.5100,313.9334
23.6600,74,307.6900,313.9155
23.6700,74,320.5100,314.3532
23.6800,73,307.6900,314.4920
23.6900,73,320.5100,313.2156
23.7000,72,307.6900,310.5078
23.7100,72,307.6900,309.1381
23.7200,72,307.6900,310.8931
23.7300,71,320.5100,312.6503
23.7400,71,307.6900,311.2899
23.7500,70,307.6900,308.5944
23.7600,70,307.6900,307.2971
23.7700,69,307.6900,307.3338
23.7800,69,307.6900,307.6848
23.7900,68,307.6900,308.0243
23.8000,68,307.6900,308.0649
23.8100,67,307.6900,306.8744
23.8200,67,307.6900,304.3599
23.8300,67,294.8700,302.7869
23.8400,66,307.6900,303.2154
23.8500,66,307.6900,303.5499
23.8600,65,294.8700,303.4913
23.8700,65,307.6900,303.8928
23.8800,64,307.6900,302.6826
23.8900,64,294.8700,299.8697
23.9000,63,294.8700,298.9542
23.9100,63,307.6900,299.4585
23.9200,62,294.8700,298.1577
23.9300,62,294.8700,295.7374
23.9400,61,294.8700,294.5466
23.9500,61,294.8700,294.5602
23.9600,60,294.8700,294.7811
23.9700,60,294.8700,294.9311
23.9800,59,294.8700,295.1653
23.9900,59,294.8700,295.2791
24.0000,58,294.8700,294.2481
24.0100,58,294.8700,291.6175
24.0200,57,282.0500,289.0957
24.0300,57,294.8700,288.3671
24.0400,56,282.0500,288.5672
24.0500,56,294.8700,287.5360
24.0600,55,282.0500,284.8868
24.0700,55,282.0500,283.4812
24.0800,54,282.0500,285.2967
24.0900,54,294.8700,287.2926
24.1000,53,282.0500,285.9681
24.1100,53,282.0500,282.0939
24.1200,52,282.0500,278.3993
24.1300,51,269.2300,277.1473
24.1400,51,282.0500,277.8965
24.1500,50,282.0500,277.0485
24.1600,50,269.2300,274.3030
24.1700,49,269.2300,273.3443
24.1800,49,282.0500,273.8156
24.1900,48,269.2300,272.4908
24.2000,48,269.2300,270.0485
24.2100,47,269.2300,268.9208
24.2200,47,269.2300,269.1881
24.2300,46,269.2300,269.5769
24.2400,45,269.2300,268.7481
24.2500,45,269.2300,266.2755
24.2600,44,256.4100,263.4854
24.2700,44,269.2300,261.3838
24.2800,43,256.4100,260.2504
24.2900,43,256.4100,260.8908
24.3000,42,269.2300,261.5965
24.3100,42,256.4100,258.8907
24.3200,41,256.4100,253.9225
24.3300,40,243.5900,251.5170
24.3400,40,256.4100,252.3235
24.3500,39,256.4100,251.6896
24.3600,39,243.5900,247.7538
24.3700,38,243.5900,244.1072
24.3800,37,243.5900,243.2873
24.3900,37,243.5900,243.8941
24.4000,36,243.5900,243.0957
24.4100,36,243.5900,239.4496
24.4200,35,230.7700,235.4076
24.4300,35,230.7700,234.5796
24.4400,34,243.5900,235.5646
24.4500,33,230.7700,234.4864
24.4600,33,230.7700,231.1110
24.4700,32,230.7700,227.4259
24.4800,32,217.9500,224.7697
24.4900,31,230.7700,223.1721
24.5000,30,217.9500,222.1825
24.5100,30,217.9500,221.6384
24.5200,29,230.7700,219.8117
24.5300,29,205.1300,215.5248
24.5400,28,217.9500,210.9856
24.5500,27,205.1300,208.9165
24.5600,27,205.1300,209.6669
24.5700,26,217.9500,209.4370
24.5800,26,205.1300,204.2859
24.5900,25,192.3100,197.8035
24.6000,24,192.3100,196.0498
24.6100,24,205.1300,197.2431
24.6200,23,192.3100,195.3931
24.6300,23,192.3100,189.3769
24.6400,22,179.4900,182.9661
24.6500,21,179.4900,179.6720
24.6600,21,179.4900,179.4211
24.6700,20,179.4900,178.9934
24.6800,19,179.4900,175.7175
24.6900,19,166.6700,170.8252
24.7000,18,166.6700,167.5512
24.7100,18,166.6700,165.7899
24.7200,17,166.6700,162.5194
24.7300,16,153.8500,157.6240
24.7400,16,153.8500,154.3240
24.7500,15,153.8500,153.8683
24.7600,15,153.8500,153.6882
24.7700,14,153.8500,150.6706
24.7800,13,141.0300,144.4198
24.7900,13,141.0300,137.2934
24.8000,12,128.2100,132.5312
24.8100,11,128.2100,131.1048
24.8200,11,141.0300,129.8658
24.8300,10,115.3800,126.4182
24.8400,10,128.2100,122.0222
24.8500,9,115.3800,117.4421
24.8600,8,115.3800,112.9689
24.8700,8,102.5600,109.9069
24.8800,7,115.3800,107.1281
24.8900,6,102.5600,102.5379
24.9000,6,89.7400,98.0340
24.9100,5,102.5600,95.4410
24.9200,5,89.7400,92.2706
24.9300,4,89.7400,86.7193
24.9400,3,76.9200,80.6924
24.9500,3,76.9200,76.2814
24.9600,2,76.9200,73.5764
24.9700,1,64.1000,71.9198
24.9800,1,76.9200,69.3098
24.9900,0,64.1000,63.2846
25.0000,0,51.2800,55.9336
25.0100,0,51.2800,51.7067
25.0200,-1,51.2800,50.1441
25.0300,-1,51.2800,47.4472
25.0400,-2,38.4600,42.9615
25.0500,-3,38.4600,38.5462
25.0600,-3,38.4600,34.2108
25.0700,-4,25.6400,29.5249
25.0800,-5,25.6400,25.5160
25.0900,-5,25.6400,22.4547
25.1000,-6,12.8200,19.3920
25.1100,-6,25.6400,15.3126
25.1200,-7,0.0000,10.4088
25.1300,-8,12.8200,6.0005
25.1400,-8,0.0000,2.5695
25.1500,-9,0.0000,0.3216
25.1600,-10,0.0000,-0.3843
25.1700,-10,0.0000,-0.2050
25.1800,-11,0.0000,-0.0005
25.1900,-11,0.0000,0.0400
25.2000,-12,0.0000,0.0147
25.2100,-13,0.0000,-0.0028
25.2200,-13,0.0000,-0.0041
25.2300,-14,0.0000,0.0009
25.2400,-15,0.0000,0.0053
25.2500,-15,0.0000,0.0003
25.2600,-16,0.0000,-0.0249
25.2700,-16,0.0000,-0.0468
25.2800,-17,0.0000,0.0391
25.2900,-18,0.0000,0.3125
25.3000,-18,0.0000,0.3901
25.3100,-19,0.0000,-0.8596
25.3200,-19,0.0000,-3.6146
25.3300,-20,-12.8200,-5.2250
25.3400,-21,0.0000,-3.6083
25.3500,-21,0.0000,-0.8524
25.3600,-22,0.0000,0.3748
25.3700,-23,0.0000,0.2489
25.3800,-23,0.0000,-0.0026
25.3900,-24,0.0000,0.1990
25.4000,-24,0.0000,0.6514
25.4100,-25,0.0000,0.0214
25.4200,-26,0.0000,-3.4083
25.4300,-26,-12.8200,-9.3425
25.4400,-27,-12.8200,-15.2047
25.4500,-27,-25.6400,-19.4941
25.4600,-28,-12.8200,-23.5181
25.4700,-29,-38.4600,-28.1260
25.4800,-29,-25.6400,-32.1663
25.4900,-30,-38.4600,-35.1903
25.5000,-30,-38.4600,-38.1156
25.5100,-31,-38.4600,-42.2576
25.5200,-32,-51.2800,-48.0113
25.5300,-32,-51.2800,-53.6894
25.5400,-33,-64.1000,-57.9584
25.5500,-33,-51.2800,-61.9214
25.5600,-34,-76.9200,-66.2794
25.5700,-35,-64.1000,-70.2598
25.5800,-35,-76.9200,-74.5303
25.5900,-36,-76.9200,-80.1255
25.6000,-36,-89.7400,-85.7215
25.6100,-37,-89.7400,-89.9914
25.6200,-37,-89.7400,-93.9626
25.6300,-38,-102.5600,-98.3069
25.6400,-39,-102.5600,-102.2914
25.6500,-39,-102.5600,-106.6711
25.6600,-40,-115.3800,-112.4488
25.6700,-40,-115.3800,-117.8243
25.6800,-41,-128.2100,-120.7462
25.6900,-42,-115.3800,-123.3078
25.7000,-42,-128.2100,-129.0917
25.7100,-43,-141.0300,-136.3777
25.7200,-43,-141.0300,-140.5378
25.7300,-44,-141.0300,-141.8504
25.7400,-44,-141.0300,-144.4805
25.7500,-45,-153.8500,-150.2298
25.7600,-45,-153.8500,-157.3996
25.7700,-46,-166.6700,-163.2626
25.7800,-47,-166.6700,-166.1683
25.7900,-47,-166.6700,-167.5337
25.8000,-48,-166.6700,-170.4167
25.8100,-48,-179.4900,-175.0119
25.8200,-49,-179.4900,-179.4337
25.8300,-49,-179.4900,-183.7444
25.8400,-50,-192.3100,-188.3958
25.8500,-50,-192.3100,-192.3810
25.8600,-51,-192.3100,-195.5332
25.8700,-51,-205.1300,-198.8903
25.8800,-52,-192.3100,-203.0694
25.8900,-53,-217.9500,-206.6610
25.9000,-53,-205.1300,-208.0831
25.9100,-54,-205.1300,-209.7855
25.9200,-54,-217.9500,-214.6073
25.9300,-55,-217.9500,-220.4795
25.9400,-55,-230.7700,-223.9817
25.9500,-56,-217.9500,-225.3871
25.9600,-56,-230.7700,-227.1495
25.9700,-57,-230.7700,-230.3128
25.9800,-57,-230.7700,-234.9273
25.9900,-58,-243.5900,-240.1076
26.0000,-58,-243.5900,-243.4551
26.0100,-59,-243.5900,-243.9396
26.0200,-59,-243.5900,-243.1992
26.0300,-60,-243.5900,-243.7881
26.0400,-60,-243.5900,-247.3058
26.0500,-61,-256.4100,-252.3489
26.0600,-61,-256.4100,-255.8675
26.0700,-62,-256.4100,-257.6607
26.0800,-62,-256.4100,-259.6336
26.0900,-63,-269.2300,-261.8105
26.1000,-63,-256.4100,-263.7956
26.1100,-64,-269.2300,-266.2533
26.1200,-64,-269.2300,-268.4162
26.1300,-65,-269.2300,-269.2345
26.1400,-65,-269.2300,-270.0466
26.1500,-66,-269.2300,-272.1859
26.1600,-66,-282.0500,-274.6185
26.1700,-67,-269.2300,-276.6676
26.1800,-67,-282.0500,-279.0930
26.1900,-67,-282.0500,-281.2090
26.2000,-68,-282.0500,-282.0047
26.2100,-68,-282.0500,-282.9093
26.2200,-69,-282.0500,-285.3202
26.2300,-69,-294.8700,-287.8064
26.2400,-70,-282.0500,-288.5784
26.2500,-70,-294.8700,-288.3201
26.2600,-71,-282.0500,-289.0988
26.2700,-71,-294.8700,-291.6617
26.2800,-72,-294.8700,-294.2117
26.2900,-72,-294.8700,-294.9861
26.3000,-72,-294.8700,-294.8189
26.3100,-73,-294.8700,-295.7810
26.3200,-73,-294.8700,-298.1528
26.3300,-74,-307.6900,-299.3744
26.3400,-74,-294.8700,-298.6198
26.3500,-75,-294.8700,-299.5652
26.3600,-75,-307.6900,-303.8170
26.3700,-75,-307.6900,-307.6092
26.3800,-76,-307.6900,-307.5125
26.3900,-76,-307.6900,-304.3650
26.4000,-77,-294.8700,-302.1489
26.4100,-77,-307.6900,-303.6411
26.4200,-77,-307.6900,-307.7114
26.4300,-78,-307.6900,-311.6777
26.4400,-78,-320.5100,-312.9644
26.4500,-79,-307.6900,-310.9387
26.4600,-79,-307.6900,-309.1143
26.4700,-79,-307.6900,-310.5016
26.4800,-80,-320.5100,-313.1332
26.4900,-80,-307.6900,-314.2439
26.5000,-80,-320.5100,-314.2974
26.5100,-81,-307.6900,-315.0988
26.5200,-81,-320.5100,-316.4609
26.5300,-81,-320.5100,-316.5302
26.5400,-82,-307.6900,-315.8563
26.5500,-82,-320.5100,-316.1925
26.5600,-83,-320.5100,-316.9947
26.5700,-83,-307.6900,-317.9915
26.5800,-83,-333.3300,-319.6544
26.5900,-84,-307.6900,-321.6934
26.6000,-84,-333.3300,-323.3525
26.6100,-84,-320.5100,-323.2056
26.6200,-85,-320.5100,-321.4453
26.6300,-85,-320.5100,-320.0592
26.6400,-85,-320.5100,-319.9154
26.6500,-86,-320.5100,-321.2878
26.6600,-86,-320.5100,-323.8803
26.6700,-86,-333.3300,-325.3517
26.6800,-87,-320.5100,-324.7389
26.6900,-87,-320.5100,-324.5933
26.7000,-87,-333.3300,-325.8754
26.7100,-87,-320.5100,-326.7884
26.7200,-88,-333.3300,-327.0271
26.7300,-88,-320.5100,-327.9209
26.7400,-88,-333.3300,-329.2839
26.7500,-89,-333.3300,-329.4158
26.7600,-89,-320.5100,-328.9015
26.7700,-89,-333.3300,-329.1316
26.7800,-89,-333.3300,-328.8773
26.7900,-90,-320.5100,-328.4242
26.8000,-90,-333.3300,-329.9613
26.8100,-90,-333.3300,-332.5506
26.8200,-91,-333.3300,-333.9906
26.8300,-91,-333.3300,-334.0072
26.8400,-91,-333.3300,-332.5046
26.8500,-91,-333.3300,-329.6741
26.8600,-92,-320.5100,-328.1065
26.8700,-92,-333.3300,-329.7629
26.8800,-92,-333.3300,-332.4345
26.8900,-92,-333.3300,-333.4050
26.9000,-92,-333.3300,-333.2523
26.9100,-93,-333.3300,-334.2510
26.9200,-93,-333.3300,-336.9392
26.9300,-93,-346.1500,-338.4922
26.9400,-93,-333.3300,-336.6549
26.9500,-94,-333.3300,-333.8461
26.9600,-94,-333.3300,-333.7604
26.9700,-94,-333.3300,-336.3391
26.9800,-94,-346.1500,-338.1714
26.9900,-94,-333.3300,-337.8309
27.0000,-95,-333.3300,-337.5610
27.0100,-95,-346.1500,-337.7573
27.0200,-95,-333.3300,-337.2189
27.0300,-95,-333.3300,-337.3515
27.0400,-95,-346.1500,-338.8000
27.0500,-96,-333.3300,-339.8621
27.0600,-96,-346.1500,-339.9930
27.0700,-96,-333.3300,-339.8455
27.0800,-96,-346.1500,-339.6759
27.0900,-96,-333.3300,-339.4110
27.1000,-96,-346.1500,-339.3672
27.1100,-97,-333.3300,-340.6225
27.1200,-97,-346.1500,-343.2900
27.1300,-97,-346.1500,-344.7376
27.1400,-97,-346.1500,-343.2568
27.1500,-97,-333.3300,-341.5815
27.1600,-97,-346.1500,-341.6978
27.1700,-97,-346.1500,-341.6347
27.1800,-97,-333.3300,-341.2891
27.1900,-98,-346.1500,-342.8252
27.2000,-98,-346.1500,-345.3130
27.2100,-98,-346.1500,-346.5808
27.2200,-98,-346.1500,-346.7088
27.2300,-98,-346.1500,-346.2619
27.2400,-98,-346.1500,-344.8591
27.2500,-98,-346.1500,-343.3959
27.2600,-98,-333.3300,-344.5801
27.2700,-98,-358.9700,-347.7259
27.2800,-99,-346.1500,-348.6143
27.2900,-99,-346.1500,-347.0543
27.3000,-99,-346.1500,-346.9124
27.3100,-99,-346.1500,-349.2234
27.3200,-99,-358.9700,-350.8815
27.3300,-99,-346.1500,-350.3777
27.3400,-99,-346.1500,-350.2372
27.3500,-99,-358.9700,-351.5795
27.3600,-99,-346.1500,-352.6566
27.3700,-99,-358.9700,-352.8081
27.3800,-99,-346.1500,-352.6504
27.3900,-99,-358.9700,-352.4740
27.4000,-99,-346.1500,-352.2867
27.4100,-99,-358.9700,-352.4151
27.4200,-99,-346.1500,-353.5884
27.4300,-99,-358.9700,-355.2196
27.4400,-99,-358.9700,-355.1312
27.4500,-99,-346.1500,-353.2517
27.4600,-99,-358.9700,-352.0479
27.4700,-99,-346.1500,-353.1909
27.4800,-99,-358.9700,-356.0458
27.4900,-99,-358.9700,-357.5873
27.5000,-100,-358.9700,-356.1010
27.5100,-99,-346.1500,-354.3845
27.5200,-99,-358.9700,-354.4654
27.5300,-99,-358.9700,-354.4638
27.5400,-99,-346.1500,-354.3814
27.5500,-99,-358.9700,-356.1040
27.5600,-99,-358.9700,-357.6073
27.5700,-99,-358.9700,-356.0676
27.5800,-99,-346.1500,-353.1300
27.5900,-99,-358.9700,-351.8214
27.6000,-99,-346.1500,-353.1353
27.6100,-99,-358.9700,-356.0685
27.6200,-99,-358.9700,-357.5827
27.6300,-99,-358.9700,-356.0549
27.6400,-99,-346.1500,-354.4153
27.6500,-99,-358.9700,-354.7781
27.6600,-99,-358.9700,-354.8853
27.6700,-99,-346.1500,-353.5720
27.6800,-99,-358.9700,-352.4231
27.6900,-99,-346.1500,-352.0020
27.7000,-99,-358.9700,-352.0806
27.7100,-99,-346.1500,-353.5051
27.7200,-99,-358.9700,-356.4469
27.7300,-98,-358.9700,-357.9304
27.7400,-98,-358.9700,-355.1449
27.7500,-98,-346.1500,-350.7593
27.7600,-98,-346.1500,-349.6005
27.7700,-98,-358.9700,-351.5607
27.7800,-98,-346.1500,-353.0326
27.7900,-98,-358.9700,-351.9505
27.8000,-98,-346.1500,-349.0538
27.8100,-98,-346.1500,-347.5764
27.8200,-97,-346.1500,-349.3284
27.8300,-97,-358.9700,-351.1037
27.8400,-97,-346.1500,-349.7486
27.8500,-97,-346.1500,-347.0567
27.8600,-97,-346.1500,-345.7800
27.8700,-97,-346.1500,-345.8356
27.8800,-97,-346.1500,-346.1081
27.8900,-97,-346.1500,-346.2003
27.9000,-96,-346.1500,-346.1752
27.9100,-96,-346.1500,-346.1251
27.9200,-96,-346.1500,-346.0982
27.9300,-96,-346.1500,-346.1889
27.9400,-96,-346.1500,-346.4671
27.9500,-96,-346.1500,-346.5403
27.9600,-95,-346.1500,-345.2678
27.9700,-95,-346.1500,-342.4937
27.9800,-95,-333.3300,-340.9626
27.9900,-95,-346.1500,-342.8253
28.0000,-95,-346.1500,-345.6408
28.0100,-94,-346.1500,-345.7243
28.0200,-94,-346.1500,-343.1354
28.0300,-94,-333.3300,-341.2833
28.0400,-94,-346.1500,-341.6289
28.0500,-94,-346.1500,-342.0080
28.0600,-93,-333.3300,-341.9933
28.0700,-93,-346.1500,-342.3170
28.0800,-93,-346.1500,-340.8525
28.0900,-93,-333.3300,-337.9864
28.1000,-92,-333.3300,-338.2574
28.1100,-92,-346.1500,-341.2620
28.1200,-92,-346.1500,-341.4129
28.1300,-92,-333.3300,-338.3788
28.1400,-92,-333.3300,-337.1352
28.1500,-91,-346.1500,-338.6949
28.1600,-91,-333.3300,-339.8847
28.1700,-91,-346.1500,-339.0263
28.1800,-91,-333.3300,-337.5079
28.1900,-90,-333.3300,-337.5629
28.2000,-90,-346.1500,-338.0832
28.2100,-90,-333.3300,-336.3591
28.2200,-89,-333.3300,-333.7833
28.2300,-89,-333.3300,-333.8465
28.2400,-89,-333.3300,-336.6520
28.2500,-89,-346.1500,-338.5150
28.2600,-88,-333.3300,-336.9858
28.2700,-88,-333.3300,-334.2123
28.2800,-88,-333.3300,-332.9399
28.2900,-87,-333.3300,-333.0145
28.3000,-87,-333.3300,-333.2938
28.3100,-87,-333.3300,-333.3788
28.3200,-87,-333.3300,-333.3352
28.3300,-86,-333.3300,-333.2830
28.3400,-86,-333.3300,-333.3389
28.3500,-86,-333.3300,-333.5952
28.3600,-85,-333.3300,-333.7640
28.3700,-85,-333.3300,-332.7850
28.3800,-85,-333.3300,-330.0861
28.3900,-84,-320.5100,-327.1997
28.4000,-84,-333.3300,-326.1211
28.4100,-84,-320.5100,-327.5120
28.4200,-83,-333.3300,-330.5149
28.4300,-83,-333.3300,-332.1912
28.4400,-83,-333.3300,-330.5559
28.4500,-82,-320.5100,-327.7805
28.4600,-82,-333.3300,-326.5218
28.4700,-81,-320.5100,-326.5858
28.4800,-81,-333.3300,-326.8608
28.4900,-81,-320.5100,-327.0327
28.5000,-80,-333.3300,-327.1733
28.5100,-80,-320.5100,-327.0162
28.5200,-80,-333.3300,-325.9307
28.5300,-79,-320.5100,-324.5693
28.5400,-79,-320.5100,-324.7211
28.5500,-79,-333.3300,-325.3523
28.5600,-78,-320.5100,-323.8787
28.5700,-78,-320.5100,-321.2646
28.5800,-77,-320.5100,-319.8914
28.5900,-77,-320.5100,-320.1400
28.6000,-77,-320.5100,-321.7207
28.6100,-76,-320.5100,-323.3113
28.6200,-76,-333.3300,-322.1450
28.6300,-75,-307.6900,-318.8750
28.6400,-75,-320.5100,-317.7087
28.6500,-75,-320.5100,-319.2994
28.6600,-74,-320.5100,-320.8800
28.6700,-74,-320.5100,-321.1284
28.6800,-73,-320.5100,-319.7551
28.6900,-73,-320.5100,-317.1414
28.7000,-72,-307.6900,-315.6698
28.7100,-72,-320.5100,-316.3019
28.7200,-72,-320.5100,-316.4458
28.7300,-71,-307.6900,-315.0643
28.7400,-71,-320.5100,-313.9815
28.7500,-70,-307.6900,-313.9322
28.7600,-70,-320.5100,-314.2625
28.7700,-69,-307.6900,-314.2417
28.7800,-69,-320.5100,-313.1844
28.7900,-68,-307.6900,-311.7184
28.8000,-68,-307.6900,-311.5827
28.8100,-67,-320.5100,-312.1200
28.8200,-67,-307.6900,-311.8957
28.8300,-67,-307.6900,-312.1192
28.8400,-66,-320.5100,-312.5235
28.8500,-66,-307.6900,-311.0520
28.8600,-65,-307.6900,-308.8275
28.8700,-65,-307.6900,-307.7384
28.8800,-64,-307.6900,-306.5210
28.8900,-64,-307.6900,-303.9669
28.9000,-63,-294.8700,-302.4799
28.9100,-63,-307.6900,-304.4100
28.9200,-62,-307.6900,-307.5536
28.9300,-62,-307.6900,-307.8529
28.9400,-61,-307.6900,-303.8908
28.9500,-61,-294.8700,-298.3177
28.9600,-60,-294.8700,-295.8707
28.9700,-60,-294.8700,-297.7846
28.9800,-59,-307.6900,-299.7896
28.9900,-59,-294.8700,-298.4699
29.0000,-58,-294.8700,-295.8150
29.0100,-58,-294.8700,-294.7653
29.0200,-57,-294.8700,-294.9615
29.0300,-57,-294.8700,-294.2372
29.0400,-56,-294.8700,-291.7117
29.0500,-56,-282.0500,-289.0573
29.0600,-55,-294.8700,-288.0082
29.0700,-55,-282.0500,-288.2111
29.0800,-54,-294.8700,-288.7056
29.0900,-54,-282.0500,-288.8907
29.1000,-53,-294.8700,-287.8484
29.1100,-53,-282.0500,-285.2990
29.1200,-52,-282.0500,-282.9290
29.1300,-51,-282.0500,-281.9588
29.1400,-51,-282.0500,-280.8972
29.1500,-50,-282.0500,-278.7303
29.1600,-50,-269.2300,-277.5967
29.1700,-49,-282.0500,-278.2334
29.1800,-49,-282.0500,-277.0565
29.1900,-48,-269.2300,-272.9821
29.2000,-48,-269.2300,-270.6267
29.2100,-47,-269.2300,-272.4958
29.2200,-47,-282.0500,-274.4476
29.2300,-46,-269.2300,-271.9845
29.2400,-45,-269.2300,-266.8753
29.2500,-45,-256.4100,-264.2792
29.2600,-44,-269.2300,-264.8032
29.2700,-44,-269.2300,-264.1145
29.2800,-43,-256.4100,-261.4608
29.2900,-43,-256.4100,-260.5896
29.3000,-42,-269.2300,-261.2925
29.3100,-42,-256.4100,-260.0123
29.3200,-41,-256.4100,-256.3877
29.3300,-40,-256.4100,-252.7590
29.3400,-40,-243.5900,-251.5513
29.3500,-39,-256.4100,-252.5240
29.3600,-39,-256.4100,-251.8137
29.3700,-38,-243.5900,-248.0715
29.3800,-37,-243.5900,-244.4982
29.3900,-37,-243.5900,-242.3426
29.4000,-36,-243.5900,-240.0094
29.4100,-36,-230.7700,-237.7685
29.4200,-35,-243.5900,-237.0383
29.4300,-35,-230.7700,-237.3453
29.4400,-34,-243.5900,-236.9016
29.4500,-33,-230.7700,-234.6519
29.4600,-33,-230.7700,-230.8662
29.4700,-32,-230.7700,-226.1320
29.4800,-32,-217.9500,-222.3551
29.4900,-31,-217.9500,-221.9752
29.5000,-30,-230.7700,-222.9130
29.5100,-30,-217.9500,-220.7259
29.5200,-29,-217.9500,-215.8771
29.5300,-29,-205.1300,-212.1725
29.5400,-28,-217.9500,-210.2700
29.5500,-27,-205.1300,-208.2739
29.5600,-27,-205.1300,-206.0860
29.5700,-26,-205.1300,-204.1557
29.5800,-26,-205.1300,-201.9434
29.5900,-25,-192.3100,-200.0047
29.6000,-24,-205.1300,-198.3538
29.6100,-24,-192.3100,-194.8177
29.6200,-23,-192.3100,-188.9930
29.6300,-23,-179.4900,-184.1040
29.6400,-22,-179.4900,-182.1340
29.6500,-21,-192.3100,-180.6524
29.6600,-21,-166.6700,-178.3332
29.6700,-20,-179.4900,-176.8452
29.6800,-19,-179.4900,-174.8541
29.6900,-19,-166.6700,-169.9494
29.7000,-18,-166.6700,-164.2020
29.7100,-18,-153.8500,-160.8923
29.7200,-17,-166.6700,-159.2748
29.7300,-16,-153.8500,-156.2430
29.7400,-16,-153.8500,-151.7972
29.7500,-15,-141.0300,-148.4405
29.7600,-15,-153.8500,-145.5533
29.7700,-14,-141.0300,-141.0029
29.7800,-13,-128.2100,-136.5469
29.7900,-13,-141.0300,-133.8728
29.8000,-12,-128.2100,-130.4306
29.8100,-11,-128.2100,-124.8209
29.8200,-11,-115.3800,-120.0596
29.8300,-10,-115.3800,-118.3142
29.8400,-10,-128.2100,-116.9537
29.8500,-9,-102.5600,-113.6313
29.8600,-8,-115.3800,-109.5338
29.8700,-8,-102.5600,-104.9242
29.8800,-7,-102.5600,-98.9945
29.8900,-6,-89.7400,-93.3761
29.9000,-6,-89.7400,-90.4144
29.9100,-5,-89.7400,-89.1139
29.9200,-5,-89.7400,-86.0252
29.9300,-4,-76.9200,-80.2057
29.9400,-3,-76.9200,-74.4574
29.9500,-3,-64.1000,-71.1768
29.9600,-2,-76.9200,-68.6636
29.9700,-1,-64.1000,-64.3483
29.9800,-1,-51.2800,-59.6535
29.9900,0,-64.1000,-55.7978
30.0000,0,-51.2800,-51.2781
